"","date"
"1","1989-06-01"
"2","1989-06-02"
"3","1989-06-03"
"4","1989-06-04"
"5","1989-06-05"
"6","1989-06-06"
"7","1989-06-07"
"8","1989-06-08"
"9","1989-06-09"
"10","1989-06-10"
"11","1989-06-11"
"12","1989-06-12"
"13","1989-06-13"
"14","1989-06-14"
"15","1989-06-15"
"16","1989-06-16"
"17","1989-06-17"
"18","1989-06-18"
"19","1989-06-19"
"20","1989-06-20"
"21","1989-06-21"
"22","1989-06-22"
"23","1989-06-23"
"24","1989-06-24"
"25","1989-06-25"
"26","1989-06-26"
"27","1989-06-27"
"28","1989-06-28"
"29","1989-06-29"
"30","1989-06-30"
"31","1989-07-01"
"32","1989-07-02"
"33","1989-07-03"
"34","1989-07-04"
"35","1989-07-05"
"36","1989-07-06"
"37","1989-07-07"
"38","1989-07-08"
"39","1989-07-09"
"40","1989-07-10"
"41","1989-07-11"
"42","1989-07-12"
"43","1989-07-13"
"44","1989-07-14"
"45","1989-07-15"
"46","1989-07-16"
"47","1989-07-17"
"48","1989-07-18"
"49","1989-07-19"
"50","1989-07-20"
"51","1989-07-21"
"52","1989-07-22"
"53","1989-07-23"
"54","1989-07-24"
"55","1989-07-25"
"56","1989-07-26"
"57","1989-07-27"
"58","1989-07-28"
"59","1989-07-29"
"60","1989-07-30"
"61","1989-07-31"
"62","1989-08-01"
"63","1989-08-02"
"64","1989-08-03"
"65","1989-08-04"
"66","1989-08-05"
"67","1989-08-06"
"68","1989-08-07"
"69","1989-08-08"
"70","1989-08-09"
"71","1989-08-10"
"72","1989-08-11"
"73","1989-08-12"
"74","1989-08-13"
"75","1989-08-14"
"76","1989-08-15"
"77","1989-08-16"
"78","1989-08-17"
"79","1989-08-18"
"80","1989-08-19"
"81","1989-08-20"
"82","1989-08-21"
"83","1989-08-22"
"84","1989-08-23"
"85","1989-08-24"
"86","1989-08-25"
"87","1989-08-26"
"88","1989-08-27"
"89","1989-08-28"
"90","1989-08-29"
"91","1989-08-30"
"92","1989-08-31"
"93","1989-09-01"
"94","1989-09-02"
"95","1989-09-03"
"96","1989-09-04"
"97","1989-09-05"
"98","1989-09-06"
"99","1989-09-07"
"100","1989-09-08"
"101","1989-09-09"
"102","1989-09-10"
"103","1989-09-11"
"104","1989-09-12"
"105","1989-09-13"
"106","1989-09-14"
"107","1989-09-15"
"108","1989-09-16"
"109","1989-09-17"
"110","1989-09-18"
"111","1989-09-19"
"112","1989-09-20"
"113","1989-09-21"
"114","1989-09-22"
"115","1989-09-23"
"116","1989-09-24"
"117","1989-09-25"
"118","1989-09-26"
"119","1989-09-27"
"120","1989-09-28"
"121","1989-09-29"
"122","1989-09-30"
"123","1989-10-01"
"124","1989-10-02"
"125","1989-10-03"
"126","1989-10-04"
"127","1989-10-05"
"128","1989-10-06"
"129","1989-10-07"
"130","1989-10-08"
"131","1989-10-09"
"132","1989-10-10"
"133","1989-10-11"
"134","1989-10-12"
"135","1989-10-13"
"136","1989-10-14"
"137","1989-10-15"
"138","1989-10-16"
"139","1989-10-17"
"140","1989-10-18"
"141","1989-10-19"
"142","1989-10-20"
"143","1989-10-21"
"144","1989-10-22"
"145","1989-10-23"
"146","1989-10-24"
"147","1989-10-25"
"148","1989-10-26"
"149","1989-10-27"
"150","1989-10-28"
"151","1989-10-29"
"152","1989-10-30"
"153","1989-10-31"
"154","1990-06-01"
"155","1990-06-02"
"156","1990-06-03"
"157","1990-06-04"
"158","1990-06-05"
"159","1990-06-06"
"160","1990-06-07"
"161","1990-06-08"
"162","1990-06-09"
"163","1990-06-10"
"164","1990-06-11"
"165","1990-06-12"
"166","1990-06-13"
"167","1990-06-14"
"168","1990-06-15"
"169","1990-06-16"
"170","1990-06-17"
"171","1990-06-18"
"172","1990-06-19"
"173","1990-06-20"
"174","1990-06-21"
"175","1990-06-22"
"176","1990-06-23"
"177","1990-06-24"
"178","1990-06-25"
"179","1990-06-26"
"180","1990-06-27"
"181","1990-06-28"
"182","1990-06-29"
"183","1990-06-30"
"184","1990-07-01"
"185","1990-07-02"
"186","1990-07-03"
"187","1990-07-04"
"188","1990-07-05"
"189","1990-07-06"
"190","1990-07-07"
"191","1990-07-08"
"192","1990-07-09"
"193","1990-07-10"
"194","1990-07-11"
"195","1990-07-12"
"196","1990-07-13"
"197","1990-07-14"
"198","1990-07-15"
"199","1990-07-16"
"200","1990-07-17"
"201","1990-07-18"
"202","1990-07-19"
"203","1990-07-20"
"204","1990-07-21"
"205","1990-07-22"
"206","1990-07-23"
"207","1990-07-24"
"208","1990-07-25"
"209","1990-07-26"
"210","1990-07-27"
"211","1990-07-28"
"212","1990-07-29"
"213","1990-07-30"
"214","1990-07-31"
"215","1990-08-01"
"216","1990-08-02"
"217","1990-08-03"
"218","1990-08-04"
"219","1990-08-05"
"220","1990-08-06"
"221","1990-08-07"
"222","1990-08-08"
"223","1990-08-09"
"224","1990-08-10"
"225","1990-08-11"
"226","1990-08-12"
"227","1990-08-13"
"228","1990-08-14"
"229","1990-08-15"
"230","1990-08-16"
"231","1990-08-17"
"232","1990-08-18"
"233","1990-08-19"
"234","1990-08-20"
"235","1990-08-21"
"236","1990-08-22"
"237","1990-08-23"
"238","1990-08-24"
"239","1990-08-25"
"240","1990-08-26"
"241","1990-08-27"
"242","1990-08-28"
"243","1990-08-29"
"244","1990-08-30"
"245","1990-08-31"
"246","1990-09-01"
"247","1990-09-02"
"248","1990-09-03"
"249","1990-09-04"
"250","1990-09-05"
"251","1990-09-06"
"252","1990-09-07"
"253","1990-09-08"
"254","1990-09-09"
"255","1990-09-10"
"256","1990-09-11"
"257","1990-09-12"
"258","1990-09-13"
"259","1990-09-14"
"260","1990-09-15"
"261","1990-09-16"
"262","1990-09-17"
"263","1990-09-18"
"264","1990-09-19"
"265","1990-09-20"
"266","1990-09-21"
"267","1990-09-22"
"268","1990-09-23"
"269","1990-09-24"
"270","1990-09-25"
"271","1990-09-26"
"272","1990-09-27"
"273","1990-09-28"
"274","1990-09-29"
"275","1990-09-30"
"276","1990-10-01"
"277","1990-10-02"
"278","1990-10-03"
"279","1990-10-04"
"280","1990-10-05"
"281","1990-10-06"
"282","1990-10-07"
"283","1990-10-08"
"284","1990-10-09"
"285","1990-10-10"
"286","1990-10-11"
"287","1990-10-12"
"288","1990-10-13"
"289","1990-10-14"
"290","1990-10-15"
"291","1990-10-16"
"292","1990-10-17"
"293","1990-10-18"
"294","1990-10-19"
"295","1990-10-20"
"296","1990-10-21"
"297","1990-10-22"
"298","1990-10-23"
"299","1990-10-24"
"300","1990-10-25"
"301","1990-10-26"
"302","1990-10-27"
"303","1990-10-28"
"304","1990-10-29"
"305","1990-10-30"
"306","1990-10-31"
"307","1991-06-01"
"308","1991-06-02"
"309","1991-06-03"
"310","1991-06-04"
"311","1991-06-05"
"312","1991-06-06"
"313","1991-06-07"
"314","1991-06-08"
"315","1991-06-09"
"316","1991-06-10"
"317","1991-06-11"
"318","1991-06-12"
"319","1991-06-13"
"320","1991-06-14"
"321","1991-06-15"
"322","1991-06-16"
"323","1991-06-17"
"324","1991-06-18"
"325","1991-06-19"
"326","1991-06-20"
"327","1991-06-21"
"328","1991-06-22"
"329","1991-06-23"
"330","1991-06-24"
"331","1991-06-25"
"332","1991-06-26"
"333","1991-06-27"
"334","1991-06-28"
"335","1991-06-29"
"336","1991-06-30"
"337","1991-07-01"
"338","1991-07-02"
"339","1991-07-03"
"340","1991-07-04"
"341","1991-07-05"
"342","1991-07-06"
"343","1991-07-07"
"344","1991-07-08"
"345","1991-07-09"
"346","1991-07-10"
"347","1991-07-11"
"348","1991-07-12"
"349","1991-07-13"
"350","1991-07-14"
"351","1991-07-15"
"352","1991-07-16"
"353","1991-07-17"
"354","1991-07-18"
"355","1991-07-19"
"356","1991-07-20"
"357","1991-07-21"
"358","1991-07-22"
"359","1991-07-23"
"360","1991-07-24"
"361","1991-07-25"
"362","1991-07-26"
"363","1991-07-27"
"364","1991-07-28"
"365","1991-07-29"
"366","1991-07-30"
"367","1991-07-31"
"368","1991-08-01"
"369","1991-08-02"
"370","1991-08-03"
"371","1991-08-04"
"372","1991-08-05"
"373","1991-08-06"
"374","1991-08-07"
"375","1991-08-08"
"376","1991-08-09"
"377","1991-08-10"
"378","1991-08-11"
"379","1991-08-12"
"380","1991-08-13"
"381","1991-08-14"
"382","1991-08-15"
"383","1991-08-16"
"384","1991-08-17"
"385","1991-08-18"
"386","1991-08-19"
"387","1991-08-20"
"388","1991-08-21"
"389","1991-08-22"
"390","1991-08-23"
"391","1991-08-24"
"392","1991-08-25"
"393","1991-08-26"
"394","1991-08-27"
"395","1991-08-28"
"396","1991-08-29"
"397","1991-08-30"
"398","1991-08-31"
"399","1991-09-01"
"400","1991-09-02"
"401","1991-09-03"
"402","1991-09-04"
"403","1991-09-05"
"404","1991-09-06"
"405","1991-09-07"
"406","1991-09-08"
"407","1991-09-09"
"408","1991-09-10"
"409","1991-09-11"
"410","1991-09-12"
"411","1991-09-13"
"412","1991-09-14"
"413","1991-09-15"
"414","1991-09-16"
"415","1991-09-17"
"416","1991-09-18"
"417","1991-09-19"
"418","1991-09-20"
"419","1991-09-21"
"420","1991-09-22"
"421","1991-09-23"
"422","1991-09-24"
"423","1991-09-25"
"424","1991-09-26"
"425","1991-09-27"
"426","1991-09-28"
"427","1991-09-29"
"428","1991-09-30"
"429","1991-10-01"
"430","1991-10-02"
"431","1991-10-03"
"432","1991-10-04"
"433","1991-10-05"
"434","1991-10-06"
"435","1991-10-07"
"436","1991-10-08"
"437","1991-10-09"
"438","1991-10-10"
"439","1991-10-11"
"440","1991-10-12"
"441","1991-10-13"
"442","1991-10-14"
"443","1991-10-15"
"444","1991-10-16"
"445","1991-10-17"
"446","1991-10-18"
"447","1991-10-19"
"448","1991-10-20"
"449","1991-10-21"
"450","1991-10-22"
"451","1991-10-23"
"452","1991-10-24"
"453","1991-10-25"
"454","1991-10-26"
"455","1991-10-27"
"456","1991-10-28"
"457","1991-10-29"
"458","1991-10-30"
"459","1991-10-31"
"460","1992-06-01"
"461","1992-06-02"
"462","1992-06-03"
"463","1992-06-04"
"464","1992-06-05"
"465","1992-06-06"
"466","1992-06-07"
"467","1992-06-08"
"468","1992-06-09"
"469","1992-06-10"
"470","1992-06-11"
"471","1992-06-12"
"472","1992-06-13"
"473","1992-06-14"
"474","1992-06-15"
"475","1992-06-16"
"476","1992-06-17"
"477","1992-06-18"
"478","1992-06-19"
"479","1992-06-20"
"480","1992-06-21"
"481","1992-06-22"
"482","1992-06-23"
"483","1992-06-24"
"484","1992-06-25"
"485","1992-06-26"
"486","1992-06-27"
"487","1992-06-28"
"488","1992-06-29"
"489","1992-06-30"
"490","1992-07-01"
"491","1992-07-02"
"492","1992-07-03"
"493","1992-07-04"
"494","1992-07-05"
"495","1992-07-06"
"496","1992-07-07"
"497","1992-07-08"
"498","1992-07-09"
"499","1992-07-10"
"500","1992-07-11"
"501","1992-07-12"
"502","1992-07-13"
"503","1992-07-14"
"504","1992-07-15"
"505","1992-07-16"
"506","1992-07-17"
"507","1992-07-18"
"508","1992-07-19"
"509","1992-07-20"
"510","1992-07-21"
"511","1992-07-22"
"512","1992-07-23"
"513","1992-07-24"
"514","1992-07-25"
"515","1992-07-26"
"516","1992-07-27"
"517","1992-07-28"
"518","1992-07-29"
"519","1992-07-30"
"520","1992-07-31"
"521","1992-08-01"
"522","1992-08-02"
"523","1992-08-03"
"524","1992-08-04"
"525","1992-08-05"
"526","1992-08-06"
"527","1992-08-07"
"528","1992-08-08"
"529","1992-08-09"
"530","1992-08-10"
"531","1992-08-11"
"532","1992-08-12"
"533","1992-08-13"
"534","1992-08-14"
"535","1992-08-15"
"536","1992-08-16"
"537","1992-08-17"
"538","1992-08-18"
"539","1992-08-19"
"540","1992-08-20"
"541","1992-08-21"
"542","1992-08-22"
"543","1992-08-23"
"544","1992-08-24"
"545","1992-08-25"
"546","1992-08-26"
"547","1992-08-27"
"548","1992-08-28"
"549","1992-08-29"
"550","1992-08-30"
"551","1992-08-31"
"552","1992-09-01"
"553","1992-09-02"
"554","1992-09-03"
"555","1992-09-04"
"556","1992-09-05"
"557","1992-09-06"
"558","1992-09-07"
"559","1992-09-08"
"560","1992-09-09"
"561","1992-09-10"
"562","1992-09-11"
"563","1992-09-12"
"564","1992-09-13"
"565","1992-09-14"
"566","1992-09-15"
"567","1992-09-16"
"568","1992-09-17"
"569","1992-09-18"
"570","1992-09-19"
"571","1992-09-20"
"572","1992-09-21"
"573","1992-09-22"
"574","1992-09-23"
"575","1992-09-24"
"576","1992-09-25"
"577","1992-09-26"
"578","1992-09-27"
"579","1992-09-28"
"580","1992-09-29"
"581","1992-09-30"
"582","1992-10-01"
"583","1992-10-02"
"584","1992-10-03"
"585","1992-10-04"
"586","1992-10-05"
"587","1992-10-06"
"588","1992-10-07"
"589","1992-10-08"
"590","1992-10-09"
"591","1992-10-10"
"592","1992-10-11"
"593","1992-10-12"
"594","1992-10-13"
"595","1992-10-14"
"596","1992-10-15"
"597","1992-10-16"
"598","1992-10-17"
"599","1992-10-18"
"600","1992-10-19"
"601","1992-10-20"
"602","1992-10-21"
"603","1992-10-22"
"604","1992-10-23"
"605","1992-10-24"
"606","1992-10-25"
"607","1992-10-26"
"608","1992-10-27"
"609","1992-10-28"
"610","1992-10-29"
"611","1992-10-30"
"612","1992-10-31"
"613","1993-06-01"
"614","1993-06-02"
"615","1993-06-03"
"616","1993-06-04"
"617","1993-06-05"
"618","1993-06-06"
"619","1993-06-07"
"620","1993-06-08"
"621","1993-06-09"
"622","1993-06-10"
"623","1993-06-11"
"624","1993-06-12"
"625","1993-06-13"
"626","1993-06-14"
"627","1993-06-15"
"628","1993-06-16"
"629","1993-06-17"
"630","1993-06-18"
"631","1993-06-19"
"632","1993-06-20"
"633","1993-06-21"
"634","1993-06-22"
"635","1993-06-23"
"636","1993-06-24"
"637","1993-06-25"
"638","1993-06-26"
"639","1993-06-27"
"640","1993-06-28"
"641","1993-06-29"
"642","1993-06-30"
"643","1993-07-01"
"644","1993-07-02"
"645","1993-07-03"
"646","1993-07-04"
"647","1993-07-05"
"648","1993-07-06"
"649","1993-07-07"
"650","1993-07-08"
"651","1993-07-09"
"652","1993-07-10"
"653","1993-07-11"
"654","1993-07-12"
"655","1993-07-13"
"656","1993-07-14"
"657","1993-07-15"
"658","1993-07-16"
"659","1993-07-17"
"660","1993-07-18"
"661","1993-07-19"
"662","1993-07-20"
"663","1993-07-21"
"664","1993-07-22"
"665","1993-07-23"
"666","1993-07-24"
"667","1993-07-25"
"668","1993-07-26"
"669","1993-07-27"
"670","1993-07-28"
"671","1993-07-29"
"672","1993-07-30"
"673","1993-07-31"
"674","1993-08-01"
"675","1993-08-02"
"676","1993-08-03"
"677","1993-08-04"
"678","1993-08-05"
"679","1993-08-06"
"680","1993-08-07"
"681","1993-08-08"
"682","1993-08-09"
"683","1993-08-10"
"684","1993-08-11"
"685","1993-08-12"
"686","1993-08-13"
"687","1993-08-14"
"688","1993-08-15"
"689","1993-08-16"
"690","1993-08-17"
"691","1993-08-18"
"692","1993-08-19"
"693","1993-08-20"
"694","1993-08-21"
"695","1993-08-22"
"696","1993-08-23"
"697","1993-08-24"
"698","1993-08-25"
"699","1993-08-26"
"700","1993-08-27"
"701","1993-08-28"
"702","1993-08-29"
"703","1993-08-30"
"704","1993-08-31"
"705","1993-09-01"
"706","1993-09-02"
"707","1993-09-03"
"708","1993-09-04"
"709","1993-09-05"
"710","1993-09-06"
"711","1993-09-07"
"712","1993-09-08"
"713","1993-09-09"
"714","1993-09-10"
"715","1993-09-11"
"716","1993-09-12"
"717","1993-09-13"
"718","1993-09-14"
"719","1993-09-15"
"720","1993-09-16"
"721","1993-09-17"
"722","1993-09-18"
"723","1993-09-19"
"724","1993-09-20"
"725","1993-09-21"
"726","1993-09-22"
"727","1993-09-23"
"728","1993-09-24"
"729","1993-09-25"
"730","1993-09-26"
"731","1993-09-27"
"732","1993-09-28"
"733","1993-09-29"
"734","1993-09-30"
"735","1993-10-01"
"736","1993-10-02"
"737","1993-10-03"
"738","1993-10-04"
"739","1993-10-05"
"740","1993-10-06"
"741","1993-10-07"
"742","1993-10-08"
"743","1993-10-09"
"744","1993-10-10"
"745","1993-10-11"
"746","1993-10-12"
"747","1993-10-13"
"748","1993-10-14"
"749","1993-10-15"
"750","1993-10-16"
"751","1993-10-17"
"752","1993-10-18"
"753","1993-10-19"
"754","1993-10-20"
"755","1993-10-21"
"756","1993-10-22"
"757","1993-10-23"
"758","1993-10-24"
"759","1993-10-25"
"760","1993-10-26"
"761","1993-10-27"
"762","1993-10-28"
"763","1993-10-29"
"764","1993-10-30"
"765","1993-10-31"
"766","1994-06-01"
"767","1994-06-02"
"768","1994-06-03"
"769","1994-06-04"
"770","1994-06-05"
"771","1994-06-06"
"772","1994-06-07"
"773","1994-06-08"
"774","1994-06-09"
"775","1994-06-10"
"776","1994-06-11"
"777","1994-06-12"
"778","1994-06-13"
"779","1994-06-14"
"780","1994-06-15"
"781","1994-06-16"
"782","1994-06-17"
"783","1994-06-18"
"784","1994-06-19"
"785","1994-06-20"
"786","1994-06-21"
"787","1994-06-22"
"788","1994-06-23"
"789","1994-06-24"
"790","1994-06-25"
"791","1994-06-26"
"792","1994-06-27"
"793","1994-06-28"
"794","1994-06-29"
"795","1994-06-30"
"796","1994-07-01"
"797","1994-07-02"
"798","1994-07-03"
"799","1994-07-04"
"800","1994-07-05"
"801","1994-07-06"
"802","1994-07-07"
"803","1994-07-08"
"804","1994-07-09"
"805","1994-07-10"
"806","1994-07-11"
"807","1994-07-12"
"808","1994-07-13"
"809","1994-07-14"
"810","1994-07-15"
"811","1994-07-16"
"812","1994-07-17"
"813","1994-07-18"
"814","1994-07-19"
"815","1994-07-20"
"816","1994-07-21"
"817","1994-07-22"
"818","1994-07-23"
"819","1994-07-24"
"820","1994-07-25"
"821","1994-07-26"
"822","1994-07-27"
"823","1994-07-28"
"824","1994-07-29"
"825","1994-07-30"
"826","1994-07-31"
"827","1994-08-01"
"828","1994-08-02"
"829","1994-08-03"
"830","1994-08-04"
"831","1994-08-05"
"832","1994-08-06"
"833","1994-08-07"
"834","1994-08-08"
"835","1994-08-09"
"836","1994-08-10"
"837","1994-08-11"
"838","1994-08-12"
"839","1994-08-13"
"840","1994-08-14"
"841","1994-08-15"
"842","1994-08-16"
"843","1994-08-17"
"844","1994-08-18"
"845","1994-08-19"
"846","1994-08-20"
"847","1994-08-21"
"848","1994-08-22"
"849","1994-08-23"
"850","1994-08-24"
"851","1994-08-25"
"852","1994-08-26"
"853","1994-08-27"
"854","1994-08-28"
"855","1994-08-29"
"856","1994-08-30"
"857","1994-08-31"
"858","1994-09-01"
"859","1994-09-02"
"860","1994-09-03"
"861","1994-09-04"
"862","1994-09-05"
"863","1994-09-06"
"864","1994-09-07"
"865","1994-09-08"
"866","1994-09-09"
"867","1994-09-10"
"868","1994-09-11"
"869","1994-09-12"
"870","1994-09-13"
"871","1994-09-14"
"872","1994-09-15"
"873","1994-09-16"
"874","1994-09-17"
"875","1994-09-18"
"876","1994-09-19"
"877","1994-09-20"
"878","1994-09-21"
"879","1994-09-22"
"880","1994-09-23"
"881","1994-09-24"
"882","1994-09-25"
"883","1994-09-26"
"884","1994-09-27"
"885","1994-09-28"
"886","1994-09-29"
"887","1994-09-30"
"888","1994-10-01"
"889","1994-10-02"
"890","1994-10-03"
"891","1994-10-04"
"892","1994-10-05"
"893","1994-10-06"
"894","1994-10-07"
"895","1994-10-08"
"896","1994-10-09"
"897","1994-10-10"
"898","1994-10-11"
"899","1994-10-12"
"900","1994-10-13"
"901","1994-10-14"
"902","1994-10-15"
"903","1994-10-16"
"904","1994-10-17"
"905","1994-10-18"
"906","1994-10-19"
"907","1994-10-20"
"908","1994-10-21"
"909","1994-10-22"
"910","1994-10-23"
"911","1994-10-24"
"912","1994-10-25"
"913","1994-10-26"
"914","1994-10-27"
"915","1994-10-28"
"916","1994-10-29"
"917","1994-10-30"
"918","1994-10-31"
"919","1995-06-01"
"920","1995-06-02"
"921","1995-06-03"
"922","1995-06-04"
"923","1995-06-05"
"924","1995-06-06"
"925","1995-06-07"
"926","1995-06-08"
"927","1995-06-09"
"928","1995-06-10"
"929","1995-06-11"
"930","1995-06-12"
"931","1995-06-13"
"932","1995-06-14"
"933","1995-06-15"
"934","1995-06-16"
"935","1995-06-17"
"936","1995-06-18"
"937","1995-06-19"
"938","1995-06-20"
"939","1995-06-21"
"940","1995-06-22"
"941","1995-06-23"
"942","1995-06-24"
"943","1995-06-25"
"944","1995-06-26"
"945","1995-06-27"
"946","1995-06-28"
"947","1995-06-29"
"948","1995-06-30"
"949","1995-07-01"
"950","1995-07-02"
"951","1995-07-03"
"952","1995-07-04"
"953","1995-07-05"
"954","1995-07-06"
"955","1995-07-07"
"956","1995-07-08"
"957","1995-07-09"
"958","1995-07-10"
"959","1995-07-11"
"960","1995-07-12"
"961","1995-07-13"
"962","1995-07-14"
"963","1995-07-15"
"964","1995-07-16"
"965","1995-07-17"
"966","1995-07-18"
"967","1995-07-19"
"968","1995-07-20"
"969","1995-07-21"
"970","1995-07-22"
"971","1995-07-23"
"972","1995-07-24"
"973","1995-07-25"
"974","1995-07-26"
"975","1995-07-27"
"976","1995-07-28"
"977","1995-07-29"
"978","1995-07-30"
"979","1995-07-31"
"980","1995-08-01"
"981","1995-08-02"
"982","1995-08-03"
"983","1995-08-04"
"984","1995-08-05"
"985","1995-08-06"
"986","1995-08-07"
"987","1995-08-08"
"988","1995-08-09"
"989","1995-08-10"
"990","1995-08-11"
"991","1995-08-12"
"992","1995-08-13"
"993","1995-08-14"
"994","1995-08-15"
"995","1995-08-16"
"996","1995-08-17"
"997","1995-08-18"
"998","1995-08-19"
"999","1995-08-20"
"1000","1995-08-21"
"1001","1995-08-22"
"1002","1995-08-23"
"1003","1995-08-24"
"1004","1995-08-25"
"1005","1995-08-26"
"1006","1995-08-27"
"1007","1995-08-28"
"1008","1995-08-29"
"1009","1995-08-30"
"1010","1995-08-31"
"1011","1995-09-01"
"1012","1995-09-02"
"1013","1995-09-03"
"1014","1995-09-04"
"1015","1995-09-05"
"1016","1995-09-06"
"1017","1995-09-07"
"1018","1995-09-08"
"1019","1995-09-09"
"1020","1995-09-10"
"1021","1995-09-11"
"1022","1995-09-12"
"1023","1995-09-13"
"1024","1995-09-14"
"1025","1995-09-15"
"1026","1995-09-16"
"1027","1995-09-17"
"1028","1995-09-18"
"1029","1995-09-19"
"1030","1995-09-20"
"1031","1995-09-21"
"1032","1995-09-22"
"1033","1995-09-23"
"1034","1995-09-24"
"1035","1995-09-25"
"1036","1995-09-26"
"1037","1995-09-27"
"1038","1995-09-28"
"1039","1995-09-29"
"1040","1995-09-30"
"1041","1995-10-01"
"1042","1995-10-02"
"1043","1995-10-03"
"1044","1995-10-04"
"1045","1995-10-05"
"1046","1995-10-06"
"1047","1995-10-07"
"1048","1995-10-08"
"1049","1995-10-09"
"1050","1995-10-10"
"1051","1995-10-11"
"1052","1995-10-12"
"1053","1995-10-13"
"1054","1995-10-14"
"1055","1995-10-15"
"1056","1995-10-16"
"1057","1995-10-17"
"1058","1995-10-18"
"1059","1995-10-19"
"1060","1995-10-20"
"1061","1995-10-21"
"1062","1995-10-22"
"1063","1995-10-23"
"1064","1995-10-24"
"1065","1995-10-25"
"1066","1995-10-26"
"1067","1995-10-27"
"1068","1995-10-28"
"1069","1995-10-29"
"1070","1995-10-30"
"1071","1995-10-31"
"1072","1996-06-01"
"1073","1996-06-02"
"1074","1996-06-03"
"1075","1996-06-04"
"1076","1996-06-05"
"1077","1996-06-06"
"1078","1996-06-07"
"1079","1996-06-08"
"1080","1996-06-09"
"1081","1996-06-10"
"1082","1996-06-11"
"1083","1996-06-12"
"1084","1996-06-13"
"1085","1996-06-14"
"1086","1996-06-15"
"1087","1996-06-16"
"1088","1996-06-17"
"1089","1996-06-18"
"1090","1996-06-19"
"1091","1996-06-20"
"1092","1996-06-21"
"1093","1996-06-22"
"1094","1996-06-23"
"1095","1996-06-24"
"1096","1996-06-25"
"1097","1996-06-26"
"1098","1996-06-27"
"1099","1996-06-28"
"1100","1996-06-29"
"1101","1996-06-30"
"1102","1996-07-01"
"1103","1996-07-02"
"1104","1996-07-03"
"1105","1996-07-04"
"1106","1996-07-05"
"1107","1996-07-06"
"1108","1996-07-07"
"1109","1996-07-08"
"1110","1996-07-09"
"1111","1996-07-10"
"1112","1996-07-11"
"1113","1996-07-12"
"1114","1996-07-13"
"1115","1996-07-14"
"1116","1996-07-15"
"1117","1996-07-16"
"1118","1996-07-17"
"1119","1996-07-18"
"1120","1996-07-19"
"1121","1996-07-20"
"1122","1996-07-21"
"1123","1996-07-22"
"1124","1996-07-23"
"1125","1996-07-24"
"1126","1996-07-25"
"1127","1996-07-26"
"1128","1996-07-27"
"1129","1996-07-28"
"1130","1996-07-29"
"1131","1996-07-30"
"1132","1996-07-31"
"1133","1996-08-01"
"1134","1996-08-02"
"1135","1996-08-03"
"1136","1996-08-04"
"1137","1996-08-05"
"1138","1996-08-06"
"1139","1996-08-07"
"1140","1996-08-08"
"1141","1996-08-09"
"1142","1996-08-10"
"1143","1996-08-11"
"1144","1996-08-12"
"1145","1996-08-13"
"1146","1996-08-14"
"1147","1996-08-15"
"1148","1996-08-16"
"1149","1996-08-17"
"1150","1996-08-18"
"1151","1996-08-19"
"1152","1996-08-20"
"1153","1996-08-21"
"1154","1996-08-22"
"1155","1996-08-23"
"1156","1996-08-24"
"1157","1996-08-25"
"1158","1996-08-26"
"1159","1996-08-27"
"1160","1996-08-28"
"1161","1996-08-29"
"1162","1996-08-30"
"1163","1996-08-31"
"1164","1996-09-01"
"1165","1996-09-02"
"1166","1996-09-03"
"1167","1996-09-04"
"1168","1996-09-05"
"1169","1996-09-06"
"1170","1996-09-07"
"1171","1996-09-08"
"1172","1996-09-09"
"1173","1996-09-10"
"1174","1996-09-11"
"1175","1996-09-12"
"1176","1996-09-13"
"1177","1996-09-14"
"1178","1996-09-15"
"1179","1996-09-16"
"1180","1996-09-17"
"1181","1996-09-18"
"1182","1996-09-19"
"1183","1996-09-20"
"1184","1996-09-21"
"1185","1996-09-22"
"1186","1996-09-23"
"1187","1996-09-24"
"1188","1996-09-25"
"1189","1996-09-26"
"1190","1996-09-27"
"1191","1996-09-28"
"1192","1996-09-29"
"1193","1996-09-30"
"1194","1996-10-01"
"1195","1996-10-02"
"1196","1996-10-03"
"1197","1996-10-04"
"1198","1996-10-05"
"1199","1996-10-06"
"1200","1996-10-07"
"1201","1996-10-08"
"1202","1996-10-09"
"1203","1996-10-10"
"1204","1996-10-11"
"1205","1996-10-12"
"1206","1996-10-13"
"1207","1996-10-14"
"1208","1996-10-15"
"1209","1996-10-16"
"1210","1996-10-17"
"1211","1996-10-18"
"1212","1996-10-19"
"1213","1996-10-20"
"1214","1996-10-21"
"1215","1996-10-22"
"1216","1996-10-23"
"1217","1996-10-24"
"1218","1996-10-25"
"1219","1996-10-26"
"1220","1996-10-27"
"1221","1996-10-28"
"1222","1996-10-29"
"1223","1996-10-30"
"1224","1996-10-31"
"1225","1997-06-01"
"1226","1997-06-02"
"1227","1997-06-03"
"1228","1997-06-04"
"1229","1997-06-05"
"1230","1997-06-06"
"1231","1997-06-07"
"1232","1997-06-08"
"1233","1997-06-09"
"1234","1997-06-10"
"1235","1997-06-11"
"1236","1997-06-12"
"1237","1997-06-13"
"1238","1997-06-14"
"1239","1997-06-15"
"1240","1997-06-16"
"1241","1997-06-17"
"1242","1997-06-18"
"1243","1997-06-19"
"1244","1997-06-20"
"1245","1997-06-21"
"1246","1997-06-22"
"1247","1997-06-23"
"1248","1997-06-24"
"1249","1997-06-25"
"1250","1997-06-26"
"1251","1997-06-27"
"1252","1997-06-28"
"1253","1997-06-29"
"1254","1997-06-30"
"1255","1997-07-01"
"1256","1997-07-02"
"1257","1997-07-03"
"1258","1997-07-04"
"1259","1997-07-05"
"1260","1997-07-06"
"1261","1997-07-07"
"1262","1997-07-08"
"1263","1997-07-09"
"1264","1997-07-10"
"1265","1997-07-11"
"1266","1997-07-12"
"1267","1997-07-13"
"1268","1997-07-14"
"1269","1997-07-15"
"1270","1997-07-16"
"1271","1997-07-17"
"1272","1997-07-18"
"1273","1997-07-19"
"1274","1997-07-20"
"1275","1997-07-21"
"1276","1997-07-22"
"1277","1997-07-23"
"1278","1997-07-24"
"1279","1997-07-25"
"1280","1997-07-26"
"1281","1997-07-27"
"1282","1997-07-28"
"1283","1997-07-29"
"1284","1997-07-30"
"1285","1997-07-31"
"1286","1997-08-01"
"1287","1997-08-02"
"1288","1997-08-03"
"1289","1997-08-04"
"1290","1997-08-05"
"1291","1997-08-06"
"1292","1997-08-07"
"1293","1997-08-08"
"1294","1997-08-09"
"1295","1997-08-10"
"1296","1997-08-11"
"1297","1997-08-12"
"1298","1997-08-13"
"1299","1997-08-14"
"1300","1997-08-15"
"1301","1997-08-16"
"1302","1997-08-17"
"1303","1997-08-18"
"1304","1997-08-19"
"1305","1997-08-20"
"1306","1997-08-21"
"1307","1997-08-22"
"1308","1997-08-23"
"1309","1997-08-24"
"1310","1997-08-25"
"1311","1997-08-26"
"1312","1997-08-27"
"1313","1997-08-28"
"1314","1997-08-29"
"1315","1997-08-30"
"1316","1997-08-31"
"1317","1997-09-01"
"1318","1997-09-02"
"1319","1997-09-03"
"1320","1997-09-04"
"1321","1997-09-05"
"1322","1997-09-06"
"1323","1997-09-07"
"1324","1997-09-08"
"1325","1997-09-09"
"1326","1997-09-10"
"1327","1997-09-11"
"1328","1997-09-12"
"1329","1997-09-13"
"1330","1997-09-14"
"1331","1997-09-15"
"1332","1997-09-16"
"1333","1997-09-17"
"1334","1997-09-18"
"1335","1997-09-19"
"1336","1997-09-20"
"1337","1997-09-21"
"1338","1997-09-22"
"1339","1997-09-23"
"1340","1997-09-24"
"1341","1997-09-25"
"1342","1997-09-26"
"1343","1997-09-27"
"1344","1997-09-28"
"1345","1997-09-29"
"1346","1997-09-30"
"1347","1997-10-01"
"1348","1997-10-02"
"1349","1997-10-03"
"1350","1997-10-04"
"1351","1997-10-05"
"1352","1997-10-06"
"1353","1997-10-07"
"1354","1997-10-08"
"1355","1997-10-09"
"1356","1997-10-10"
"1357","1997-10-11"
"1358","1997-10-12"
"1359","1997-10-13"
"1360","1997-10-14"
"1361","1997-10-15"
"1362","1997-10-16"
"1363","1997-10-17"
"1364","1997-10-18"
"1365","1997-10-19"
"1366","1997-10-20"
"1367","1997-10-21"
"1368","1997-10-22"
"1369","1997-10-23"
"1370","1997-10-24"
"1371","1997-10-25"
"1372","1997-10-26"
"1373","1997-10-27"
"1374","1997-10-28"
"1375","1997-10-29"
"1376","1997-10-30"
"1377","1997-10-31"
"1378","1998-06-01"
"1379","1998-06-02"
"1380","1998-06-03"
"1381","1998-06-04"
"1382","1998-06-05"
"1383","1998-06-06"
"1384","1998-06-07"
"1385","1998-06-08"
"1386","1998-06-09"
"1387","1998-06-10"
"1388","1998-06-11"
"1389","1998-06-12"
"1390","1998-06-13"
"1391","1998-06-14"
"1392","1998-06-15"
"1393","1998-06-16"
"1394","1998-06-17"
"1395","1998-06-18"
"1396","1998-06-19"
"1397","1998-06-20"
"1398","1998-06-21"
"1399","1998-06-22"
"1400","1998-06-23"
"1401","1998-06-24"
"1402","1998-06-25"
"1403","1998-06-26"
"1404","1998-06-27"
"1405","1998-06-28"
"1406","1998-06-29"
"1407","1998-06-30"
"1408","1998-07-01"
"1409","1998-07-02"
"1410","1998-07-03"
"1411","1998-07-04"
"1412","1998-07-05"
"1413","1998-07-06"
"1414","1998-07-07"
"1415","1998-07-08"
"1416","1998-07-09"
"1417","1998-07-10"
"1418","1998-07-11"
"1419","1998-07-12"
"1420","1998-07-13"
"1421","1998-07-14"
"1422","1998-07-15"
"1423","1998-07-16"
"1424","1998-07-17"
"1425","1998-07-18"
"1426","1998-07-19"
"1427","1998-07-20"
"1428","1998-07-21"
"1429","1998-07-22"
"1430","1998-07-23"
"1431","1998-07-24"
"1432","1998-07-25"
"1433","1998-07-26"
"1434","1998-07-27"
"1435","1998-07-28"
"1436","1998-07-29"
"1437","1998-07-30"
"1438","1998-07-31"
"1439","1998-08-01"
"1440","1998-08-02"
"1441","1998-08-03"
"1442","1998-08-04"
"1443","1998-08-05"
"1444","1998-08-06"
"1445","1998-08-07"
"1446","1998-08-08"
"1447","1998-08-09"
"1448","1998-08-10"
"1449","1998-08-11"
"1450","1998-08-12"
"1451","1998-08-13"
"1452","1998-08-14"
"1453","1998-08-15"
"1454","1998-08-16"
"1455","1998-08-17"
"1456","1998-08-18"
"1457","1998-08-19"
"1458","1998-08-20"
"1459","1998-08-21"
"1460","1998-08-22"
"1461","1998-08-23"
"1462","1998-08-24"
"1463","1998-08-25"
"1464","1998-08-26"
"1465","1998-08-27"
"1466","1998-08-28"
"1467","1998-08-29"
"1468","1998-08-30"
"1469","1998-08-31"
"1470","1998-09-01"
"1471","1998-09-02"
"1472","1998-09-03"
"1473","1998-09-04"
"1474","1998-09-05"
"1475","1998-09-06"
"1476","1998-09-07"
"1477","1998-09-08"
"1478","1998-09-09"
"1479","1998-09-10"
"1480","1998-09-11"
"1481","1998-09-12"
"1482","1998-09-13"
"1483","1998-09-14"
"1484","1998-09-15"
"1485","1998-09-16"
"1486","1998-09-17"
"1487","1998-09-18"
"1488","1998-09-19"
"1489","1998-09-20"
"1490","1998-09-21"
"1491","1998-09-22"
"1492","1998-09-23"
"1493","1998-09-24"
"1494","1998-09-25"
"1495","1998-09-26"
"1496","1998-09-27"
"1497","1998-09-28"
"1498","1998-09-29"
"1499","1998-09-30"
"1500","1998-10-01"
"1501","1998-10-02"
"1502","1998-10-03"
"1503","1998-10-04"
"1504","1998-10-05"
"1505","1998-10-06"
"1506","1998-10-07"
"1507","1998-10-08"
"1508","1998-10-09"
"1509","1998-10-10"
"1510","1998-10-11"
"1511","1998-10-12"
"1512","1998-10-13"
"1513","1998-10-14"
"1514","1998-10-15"
"1515","1998-10-16"
"1516","1998-10-17"
"1517","1998-10-18"
"1518","1998-10-19"
"1519","1998-10-20"
"1520","1998-10-21"
"1521","1998-10-22"
"1522","1998-10-23"
"1523","1998-10-24"
"1524","1998-10-25"
"1525","1998-10-26"
"1526","1998-10-27"
"1527","1998-10-28"
"1528","1998-10-29"
"1529","1998-10-30"
"1530","1998-10-31"
"1531","1999-06-01"
"1532","1999-06-02"
"1533","1999-06-03"
"1534","1999-06-04"
"1535","1999-06-05"
"1536","1999-06-06"
"1537","1999-06-07"
"1538","1999-06-08"
"1539","1999-06-09"
"1540","1999-06-10"
"1541","1999-06-11"
"1542","1999-06-12"
"1543","1999-06-13"
"1544","1999-06-14"
"1545","1999-06-15"
"1546","1999-06-16"
"1547","1999-06-17"
"1548","1999-06-18"
"1549","1999-06-19"
"1550","1999-06-20"
"1551","1999-06-21"
"1552","1999-06-22"
"1553","1999-06-23"
"1554","1999-06-24"
"1555","1999-06-25"
"1556","1999-06-26"
"1557","1999-06-27"
"1558","1999-06-28"
"1559","1999-06-29"
"1560","1999-06-30"
"1561","1999-07-01"
"1562","1999-07-02"
"1563","1999-07-03"
"1564","1999-07-04"
"1565","1999-07-05"
"1566","1999-07-06"
"1567","1999-07-07"
"1568","1999-07-08"
"1569","1999-07-09"
"1570","1999-07-10"
"1571","1999-07-11"
"1572","1999-07-12"
"1573","1999-07-13"
"1574","1999-07-14"
"1575","1999-07-15"
"1576","1999-07-16"
"1577","1999-07-17"
"1578","1999-07-18"
"1579","1999-07-19"
"1580","1999-07-20"
"1581","1999-07-21"
"1582","1999-07-22"
"1583","1999-07-23"
"1584","1999-07-24"
"1585","1999-07-25"
"1586","1999-07-26"
"1587","1999-07-27"
"1588","1999-07-28"
"1589","1999-07-29"
"1590","1999-07-30"
"1591","1999-07-31"
"1592","1999-08-01"
"1593","1999-08-02"
"1594","1999-08-03"
"1595","1999-08-04"
"1596","1999-08-05"
"1597","1999-08-06"
"1598","1999-08-07"
"1599","1999-08-08"
"1600","1999-08-09"
"1601","1999-08-10"
"1602","1999-08-11"
"1603","1999-08-12"
"1604","1999-08-13"
"1605","1999-08-14"
"1606","1999-08-15"
"1607","1999-08-16"
"1608","1999-08-17"
"1609","1999-08-18"
"1610","1999-08-19"
"1611","1999-08-20"
"1612","1999-08-21"
"1613","1999-08-22"
"1614","1999-08-23"
"1615","1999-08-24"
"1616","1999-08-25"
"1617","1999-08-26"
"1618","1999-08-27"
"1619","1999-08-28"
"1620","1999-08-29"
"1621","1999-08-30"
"1622","1999-08-31"
"1623","1999-09-01"
"1624","1999-09-02"
"1625","1999-09-03"
"1626","1999-09-04"
"1627","1999-09-05"
"1628","1999-09-06"
"1629","1999-09-07"
"1630","1999-09-08"
"1631","1999-09-09"
"1632","1999-09-10"
"1633","1999-09-11"
"1634","1999-09-12"
"1635","1999-09-13"
"1636","1999-09-14"
"1637","1999-09-15"
"1638","1999-09-16"
"1639","1999-09-17"
"1640","1999-09-18"
"1641","1999-09-19"
"1642","1999-09-20"
"1643","1999-09-21"
"1644","1999-09-22"
"1645","1999-09-23"
"1646","1999-09-24"
"1647","1999-09-25"
"1648","1999-09-26"
"1649","1999-09-27"
"1650","1999-09-28"
"1651","1999-09-29"
"1652","1999-09-30"
"1653","1999-10-01"
"1654","1999-10-02"
"1655","1999-10-03"
"1656","1999-10-04"
"1657","1999-10-05"
"1658","1999-10-06"
"1659","1999-10-07"
"1660","1999-10-08"
"1661","1999-10-09"
"1662","1999-10-10"
"1663","1999-10-11"
"1664","1999-10-12"
"1665","1999-10-13"
"1666","1999-10-14"
"1667","1999-10-15"
"1668","1999-10-16"
"1669","1999-10-17"
"1670","1999-10-18"
"1671","1999-10-19"
"1672","1999-10-20"
"1673","1999-10-21"
"1674","1999-10-22"
"1675","1999-10-23"
"1676","1999-10-24"
"1677","1999-10-25"
"1678","1999-10-26"
"1679","1999-10-27"
"1680","1999-10-28"
"1681","1999-10-29"
"1682","1999-10-30"
"1683","1999-10-31"
"1684","2000-06-01"
"1685","2000-06-02"
"1686","2000-06-03"
"1687","2000-06-04"
"1688","2000-06-05"
"1689","2000-06-06"
"1690","2000-06-07"
"1691","2000-06-08"
"1692","2000-06-09"
"1693","2000-06-10"
"1694","2000-06-11"
"1695","2000-06-12"
"1696","2000-06-13"
"1697","2000-06-14"
"1698","2000-06-15"
"1699","2000-06-16"
"1700","2000-06-17"
"1701","2000-06-18"
"1702","2000-06-19"
"1703","2000-06-20"
"1704","2000-06-21"
"1705","2000-06-22"
"1706","2000-06-23"
"1707","2000-06-24"
"1708","2000-06-25"
"1709","2000-06-26"
"1710","2000-06-27"
"1711","2000-06-28"
"1712","2000-06-29"
"1713","2000-06-30"
"1714","2000-07-01"
"1715","2000-07-02"
"1716","2000-07-03"
"1717","2000-07-04"
"1718","2000-07-05"
"1719","2000-07-06"
"1720","2000-07-07"
"1721","2000-07-08"
"1722","2000-07-09"
"1723","2000-07-10"
"1724","2000-07-11"
"1725","2000-07-12"
"1726","2000-07-13"
"1727","2000-07-14"
"1728","2000-07-15"
"1729","2000-07-16"
"1730","2000-07-17"
"1731","2000-07-18"
"1732","2000-07-19"
"1733","2000-07-20"
"1734","2000-07-21"
"1735","2000-07-22"
"1736","2000-07-23"
"1737","2000-07-24"
"1738","2000-07-25"
"1739","2000-07-26"
"1740","2000-07-27"
"1741","2000-07-28"
"1742","2000-07-29"
"1743","2000-07-30"
"1744","2000-07-31"
"1745","2000-08-01"
"1746","2000-08-02"
"1747","2000-08-03"
"1748","2000-08-04"
"1749","2000-08-05"
"1750","2000-08-06"
"1751","2000-08-07"
"1752","2000-08-08"
"1753","2000-08-09"
"1754","2000-08-10"
"1755","2000-08-11"
"1756","2000-08-12"
"1757","2000-08-13"
"1758","2000-08-14"
"1759","2000-08-15"
"1760","2000-08-16"
"1761","2000-08-17"
"1762","2000-08-18"
"1763","2000-08-19"
"1764","2000-08-20"
"1765","2000-08-21"
"1766","2000-08-22"
"1767","2000-08-23"
"1768","2000-08-24"
"1769","2000-08-25"
"1770","2000-08-26"
"1771","2000-08-27"
"1772","2000-08-28"
"1773","2000-08-29"
"1774","2000-08-30"
"1775","2000-08-31"
"1776","2000-09-01"
"1777","2000-09-02"
"1778","2000-09-03"
"1779","2000-09-04"
"1780","2000-09-05"
"1781","2000-09-06"
"1782","2000-09-07"
"1783","2000-09-08"
"1784","2000-09-09"
"1785","2000-09-10"
"1786","2000-09-11"
"1787","2000-09-12"
"1788","2000-09-13"
"1789","2000-09-14"
"1790","2000-09-15"
"1791","2000-09-16"
"1792","2000-09-17"
"1793","2000-09-18"
"1794","2000-09-19"
"1795","2000-09-20"
"1796","2000-09-21"
"1797","2000-09-22"
"1798","2000-09-23"
"1799","2000-09-24"
"1800","2000-09-25"
"1801","2000-09-26"
"1802","2000-09-27"
"1803","2000-09-28"
"1804","2000-09-29"
"1805","2000-09-30"
"1806","2000-10-01"
"1807","2000-10-02"
"1808","2000-10-03"
"1809","2000-10-04"
"1810","2000-10-05"
"1811","2000-10-06"
"1812","2000-10-07"
"1813","2000-10-08"
"1814","2000-10-09"
"1815","2000-10-10"
"1816","2000-10-11"
"1817","2000-10-12"
"1818","2000-10-13"
"1819","2000-10-14"
"1820","2000-10-15"
"1821","2000-10-16"
"1822","2000-10-17"
"1823","2000-10-18"
"1824","2000-10-19"
"1825","2000-10-20"
"1826","2000-10-21"
"1827","2000-10-22"
"1828","2000-10-23"
"1829","2000-10-24"
"1830","2000-10-25"
"1831","2000-10-26"
"1832","2000-10-27"
"1833","2000-10-28"
"1834","2000-10-29"
"1835","2000-10-30"
"1836","2000-10-31"
"1837","2001-06-01"
"1838","2001-06-02"
"1839","2001-06-03"
"1840","2001-06-04"
"1841","2001-06-05"
"1842","2001-06-06"
"1843","2001-06-07"
"1844","2001-06-08"
"1845","2001-06-09"
"1846","2001-06-10"
"1847","2001-06-11"
"1848","2001-06-12"
"1849","2001-06-13"
"1850","2001-06-14"
"1851","2001-06-15"
"1852","2001-06-16"
"1853","2001-06-17"
"1854","2001-06-18"
"1855","2001-06-19"
"1856","2001-06-20"
"1857","2001-06-21"
"1858","2001-06-22"
"1859","2001-06-23"
"1860","2001-06-24"
"1861","2001-06-25"
"1862","2001-06-26"
"1863","2001-06-27"
"1864","2001-06-28"
"1865","2001-06-29"
"1866","2001-06-30"
"1867","2001-07-01"
"1868","2001-07-02"
"1869","2001-07-03"
"1870","2001-07-04"
"1871","2001-07-05"
"1872","2001-07-06"
"1873","2001-07-07"
"1874","2001-07-08"
"1875","2001-07-09"
"1876","2001-07-10"
"1877","2001-07-11"
"1878","2001-07-12"
"1879","2001-07-13"
"1880","2001-07-14"
"1881","2001-07-15"
"1882","2001-07-16"
"1883","2001-07-17"
"1884","2001-07-18"
"1885","2001-07-19"
"1886","2001-07-20"
"1887","2001-07-21"
"1888","2001-07-22"
"1889","2001-07-23"
"1890","2001-07-24"
"1891","2001-07-25"
"1892","2001-07-26"
"1893","2001-07-27"
"1894","2001-07-28"
"1895","2001-07-29"
"1896","2001-07-30"
"1897","2001-07-31"
"1898","2001-08-01"
"1899","2001-08-02"
"1900","2001-08-03"
"1901","2001-08-04"
"1902","2001-08-05"
"1903","2001-08-06"
"1904","2001-08-07"
"1905","2001-08-08"
"1906","2001-08-09"
"1907","2001-08-10"
"1908","2001-08-11"
"1909","2001-08-12"
"1910","2001-08-13"
"1911","2001-08-14"
"1912","2001-08-15"
"1913","2001-08-16"
"1914","2001-08-17"
"1915","2001-08-18"
"1916","2001-08-19"
"1917","2001-08-20"
"1918","2001-08-21"
"1919","2001-08-22"
"1920","2001-08-23"
"1921","2001-08-24"
"1922","2001-08-25"
"1923","2001-08-26"
"1924","2001-08-27"
"1925","2001-08-28"
"1926","2001-08-29"
"1927","2001-08-30"
"1928","2001-08-31"
"1929","2001-09-01"
"1930","2001-09-02"
"1931","2001-09-03"
"1932","2001-09-04"
"1933","2001-09-05"
"1934","2001-09-06"
"1935","2001-09-07"
"1936","2001-09-08"
"1937","2001-09-09"
"1938","2001-09-10"
"1939","2001-09-11"
"1940","2001-09-12"
"1941","2001-09-13"
"1942","2001-09-14"
"1943","2001-09-15"
"1944","2001-09-16"
"1945","2001-09-17"
"1946","2001-09-18"
"1947","2001-09-19"
"1948","2001-09-20"
"1949","2001-09-21"
"1950","2001-09-22"
"1951","2001-09-23"
"1952","2001-09-24"
"1953","2001-09-25"
"1954","2001-09-26"
"1955","2001-09-27"
"1956","2001-09-28"
"1957","2001-09-29"
"1958","2001-09-30"
"1959","2001-10-01"
"1960","2001-10-02"
"1961","2001-10-03"
"1962","2001-10-04"
"1963","2001-10-05"
"1964","2001-10-06"
"1965","2001-10-07"
"1966","2001-10-08"
"1967","2001-10-09"
"1968","2001-10-10"
"1969","2001-10-11"
"1970","2001-10-12"
"1971","2001-10-13"
"1972","2001-10-14"
"1973","2001-10-15"
"1974","2001-10-16"
"1975","2001-10-17"
"1976","2001-10-18"
"1977","2001-10-19"
"1978","2001-10-20"
"1979","2001-10-21"
"1980","2001-10-22"
"1981","2001-10-23"
"1982","2001-10-24"
"1983","2001-10-25"
"1984","2001-10-26"
"1985","2001-10-27"
"1986","2001-10-28"
"1987","2001-10-29"
"1988","2001-10-30"
"1989","2001-10-31"
"1990","2002-06-01"
"1991","2002-06-02"
"1992","2002-06-03"
"1993","2002-06-04"
"1994","2002-06-05"
"1995","2002-06-06"
"1996","2002-06-07"
"1997","2002-06-08"
"1998","2002-06-09"
"1999","2002-06-10"
"2000","2002-06-11"
"2001","2002-06-12"
"2002","2002-06-13"
"2003","2002-06-14"
"2004","2002-06-15"
"2005","2002-06-16"
"2006","2002-06-17"
"2007","2002-06-18"
"2008","2002-06-19"
"2009","2002-06-20"
"2010","2002-06-21"
"2011","2002-06-22"
"2012","2002-06-23"
"2013","2002-06-24"
"2014","2002-06-25"
"2015","2002-06-26"
"2016","2002-06-27"
"2017","2002-06-28"
"2018","2002-06-29"
"2019","2002-06-30"
"2020","2002-07-01"
"2021","2002-07-02"
"2022","2002-07-03"
"2023","2002-07-04"
"2024","2002-07-05"
"2025","2002-07-06"
"2026","2002-07-07"
"2027","2002-07-08"
"2028","2002-07-09"
"2029","2002-07-10"
"2030","2002-07-11"
"2031","2002-07-12"
"2032","2002-07-13"
"2033","2002-07-14"
"2034","2002-07-15"
"2035","2002-07-16"
"2036","2002-07-17"
"2037","2002-07-18"
"2038","2002-07-19"
"2039","2002-07-20"
"2040","2002-07-21"
"2041","2002-07-22"
"2042","2002-07-23"
"2043","2002-07-24"
"2044","2002-07-25"
"2045","2002-07-26"
"2046","2002-07-27"
"2047","2002-07-28"
"2048","2002-07-29"
"2049","2002-07-30"
"2050","2002-07-31"
"2051","2002-08-01"
"2052","2002-08-02"
"2053","2002-08-03"
"2054","2002-08-04"
"2055","2002-08-05"
"2056","2002-08-06"
"2057","2002-08-07"
"2058","2002-08-08"
"2059","2002-08-09"
"2060","2002-08-10"
"2061","2002-08-11"
"2062","2002-08-12"
"2063","2002-08-13"
"2064","2002-08-14"
"2065","2002-08-15"
"2066","2002-08-16"
"2067","2002-08-17"
"2068","2002-08-18"
"2069","2002-08-19"
"2070","2002-08-20"
"2071","2002-08-21"
"2072","2002-08-22"
"2073","2002-08-23"
"2074","2002-08-24"
"2075","2002-08-25"
"2076","2002-08-26"
"2077","2002-08-27"
"2078","2002-08-28"
"2079","2002-08-29"
"2080","2002-08-30"
"2081","2002-08-31"
"2082","2002-09-01"
"2083","2002-09-02"
"2084","2002-09-03"
"2085","2002-09-04"
"2086","2002-09-05"
"2087","2002-09-06"
"2088","2002-09-07"
"2089","2002-09-08"
"2090","2002-09-09"
"2091","2002-09-10"
"2092","2002-09-11"
"2093","2002-09-12"
"2094","2002-09-13"
"2095","2002-09-14"
"2096","2002-09-15"
"2097","2002-09-16"
"2098","2002-09-17"
"2099","2002-09-18"
"2100","2002-09-19"
"2101","2002-09-20"
"2102","2002-09-21"
"2103","2002-09-22"
"2104","2002-09-23"
"2105","2002-09-24"
"2106","2002-09-25"
"2107","2002-09-26"
"2108","2002-09-27"
"2109","2002-09-28"
"2110","2002-09-29"
"2111","2002-09-30"
"2112","2002-10-01"
"2113","2002-10-02"
"2114","2002-10-03"
"2115","2002-10-04"
"2116","2002-10-05"
"2117","2002-10-06"
"2118","2002-10-07"
"2119","2002-10-08"
"2120","2002-10-09"
"2121","2002-10-10"
"2122","2002-10-11"
"2123","2002-10-12"
"2124","2002-10-13"
"2125","2002-10-14"
"2126","2002-10-15"
"2127","2002-10-16"
"2128","2002-10-17"
"2129","2002-10-18"
"2130","2002-10-19"
"2131","2002-10-20"
"2132","2002-10-21"
"2133","2002-10-22"
"2134","2002-10-23"
"2135","2002-10-24"
"2136","2002-10-25"
"2137","2002-10-26"
"2138","2002-10-27"
"2139","2002-10-28"
"2140","2002-10-29"
"2141","2002-10-30"
"2142","2002-10-31"
"2143","2003-06-01"
"2144","2003-06-02"
"2145","2003-06-03"
"2146","2003-06-04"
"2147","2003-06-05"
"2148","2003-06-06"
"2149","2003-06-07"
"2150","2003-06-08"
"2151","2003-06-09"
"2152","2003-06-10"
"2153","2003-06-11"
"2154","2003-06-12"
"2155","2003-06-13"
"2156","2003-06-14"
"2157","2003-06-15"
"2158","2003-06-16"
"2159","2003-06-17"
"2160","2003-06-18"
"2161","2003-06-19"
"2162","2003-06-20"
"2163","2003-06-21"
"2164","2003-06-22"
"2165","2003-06-23"
"2166","2003-06-24"
"2167","2003-06-25"
"2168","2003-06-26"
"2169","2003-06-27"
"2170","2003-06-28"
"2171","2003-06-29"
"2172","2003-06-30"
"2173","2003-07-01"
"2174","2003-07-02"
"2175","2003-07-03"
"2176","2003-07-04"
"2177","2003-07-05"
"2178","2003-07-06"
"2179","2003-07-07"
"2180","2003-07-08"
"2181","2003-07-09"
"2182","2003-07-10"
"2183","2003-07-11"
"2184","2003-07-12"
"2185","2003-07-13"
"2186","2003-07-14"
"2187","2003-07-15"
"2188","2003-07-16"
"2189","2003-07-17"
"2190","2003-07-18"
"2191","2003-07-19"
"2192","2003-07-20"
"2193","2003-07-21"
"2194","2003-07-22"
"2195","2003-07-23"
"2196","2003-07-24"
"2197","2003-07-25"
"2198","2003-07-26"
"2199","2003-07-27"
"2200","2003-07-28"
"2201","2003-07-29"
"2202","2003-07-30"
"2203","2003-07-31"
"2204","2003-08-01"
"2205","2003-08-02"
"2206","2003-08-03"
"2207","2003-08-04"
"2208","2003-08-05"
"2209","2003-08-06"
"2210","2003-08-07"
"2211","2003-08-08"
"2212","2003-08-09"
"2213","2003-08-10"
"2214","2003-08-11"
"2215","2003-08-12"
"2216","2003-08-13"
"2217","2003-08-14"
"2218","2003-08-15"
"2219","2003-08-16"
"2220","2003-08-17"
"2221","2003-08-18"
"2222","2003-08-19"
"2223","2003-08-20"
"2224","2003-08-21"
"2225","2003-08-22"
"2226","2003-08-23"
"2227","2003-08-24"
"2228","2003-08-25"
"2229","2003-08-26"
"2230","2003-08-27"
"2231","2003-08-28"
"2232","2003-08-29"
"2233","2003-08-30"
"2234","2003-08-31"
"2235","2003-09-01"
"2236","2003-09-02"
"2237","2003-09-03"
"2238","2003-09-04"
"2239","2003-09-05"
"2240","2003-09-06"
"2241","2003-09-07"
"2242","2003-09-08"
"2243","2003-09-09"
"2244","2003-09-10"
"2245","2003-09-11"
"2246","2003-09-12"
"2247","2003-09-13"
"2248","2003-09-14"
"2249","2003-09-15"
"2250","2003-09-16"
"2251","2003-09-17"
"2252","2003-09-18"
"2253","2003-09-19"
"2254","2003-09-20"
"2255","2003-09-21"
"2256","2003-09-22"
"2257","2003-09-23"
"2258","2003-09-24"
"2259","2003-09-25"
"2260","2003-09-26"
"2261","2003-09-27"
"2262","2003-09-28"
"2263","2003-09-29"
"2264","2003-09-30"
"2265","2003-10-01"
"2266","2003-10-02"
"2267","2003-10-03"
"2268","2003-10-04"
"2269","2003-10-05"
"2270","2003-10-06"
"2271","2003-10-07"
"2272","2003-10-08"
"2273","2003-10-09"
"2274","2003-10-10"
"2275","2003-10-11"
"2276","2003-10-12"
"2277","2003-10-13"
"2278","2003-10-14"
"2279","2003-10-15"
"2280","2003-10-16"
"2281","2003-10-17"
"2282","2003-10-18"
"2283","2003-10-19"
"2284","2003-10-20"
"2285","2003-10-21"
"2286","2003-10-22"
"2287","2003-10-23"
"2288","2003-10-24"
"2289","2003-10-25"
"2290","2003-10-26"
"2291","2003-10-27"
"2292","2003-10-28"
"2293","2003-10-29"
"2294","2003-10-30"
"2295","2003-10-31"
"2296","2004-06-01"
"2297","2004-06-02"
"2298","2004-06-03"
"2299","2004-06-04"
"2300","2004-06-05"
"2301","2004-06-06"
"2302","2004-06-07"
"2303","2004-06-08"
"2304","2004-06-09"
"2305","2004-06-10"
"2306","2004-06-11"
"2307","2004-06-12"
"2308","2004-06-13"
"2309","2004-06-14"
"2310","2004-06-15"
"2311","2004-06-16"
"2312","2004-06-17"
"2313","2004-06-18"
"2314","2004-06-19"
"2315","2004-06-20"
"2316","2004-06-21"
"2317","2004-06-22"
"2318","2004-06-23"
"2319","2004-06-24"
"2320","2004-06-25"
"2321","2004-06-26"
"2322","2004-06-27"
"2323","2004-06-28"
"2324","2004-06-29"
"2325","2004-06-30"
"2326","2004-07-01"
"2327","2004-07-02"
"2328","2004-07-03"
"2329","2004-07-04"
"2330","2004-07-05"
"2331","2004-07-06"
"2332","2004-07-07"
"2333","2004-07-08"
"2334","2004-07-09"
"2335","2004-07-10"
"2336","2004-07-11"
"2337","2004-07-12"
"2338","2004-07-13"
"2339","2004-07-14"
"2340","2004-07-15"
"2341","2004-07-16"
"2342","2004-07-17"
"2343","2004-07-18"
"2344","2004-07-19"
"2345","2004-07-20"
"2346","2004-07-21"
"2347","2004-07-22"
"2348","2004-07-23"
"2349","2004-07-24"
"2350","2004-07-25"
"2351","2004-07-26"
"2352","2004-07-27"
"2353","2004-07-28"
"2354","2004-07-29"
"2355","2004-07-30"
"2356","2004-07-31"
"2357","2004-08-01"
"2358","2004-08-02"
"2359","2004-08-03"
"2360","2004-08-04"
"2361","2004-08-05"
"2362","2004-08-06"
"2363","2004-08-07"
"2364","2004-08-08"
"2365","2004-08-09"
"2366","2004-08-10"
"2367","2004-08-11"
"2368","2004-08-12"
"2369","2004-08-13"
"2370","2004-08-14"
"2371","2004-08-15"
"2372","2004-08-16"
"2373","2004-08-17"
"2374","2004-08-18"
"2375","2004-08-19"
"2376","2004-08-20"
"2377","2004-08-21"
"2378","2004-08-22"
"2379","2004-08-23"
"2380","2004-08-24"
"2381","2004-08-25"
"2382","2004-08-26"
"2383","2004-08-27"
"2384","2004-08-28"
"2385","2004-08-29"
"2386","2004-08-30"
"2387","2004-08-31"
"2388","2004-09-01"
"2389","2004-09-02"
"2390","2004-09-03"
"2391","2004-09-04"
"2392","2004-09-05"
"2393","2004-09-06"
"2394","2004-09-07"
"2395","2004-09-08"
"2396","2004-09-09"
"2397","2004-09-10"
"2398","2004-09-11"
"2399","2004-09-12"
"2400","2004-09-13"
"2401","2004-09-14"
"2402","2004-09-15"
"2403","2004-09-16"
"2404","2004-09-17"
"2405","2004-09-18"
"2406","2004-09-19"
"2407","2004-09-20"
"2408","2004-09-21"
"2409","2004-09-22"
"2410","2004-09-23"
"2411","2004-09-24"
"2412","2004-09-25"
"2413","2004-09-26"
"2414","2004-09-27"
"2415","2004-09-28"
"2416","2004-09-29"
"2417","2004-09-30"
"2418","2004-10-01"
"2419","2004-10-02"
"2420","2004-10-03"
"2421","2004-10-04"
"2422","2004-10-05"
"2423","2004-10-06"
"2424","2004-10-07"
"2425","2004-10-08"
"2426","2004-10-09"
"2427","2004-10-10"
"2428","2004-10-11"
"2429","2004-10-12"
"2430","2004-10-13"
"2431","2004-10-14"
"2432","2004-10-15"
"2433","2004-10-16"
"2434","2004-10-17"
"2435","2004-10-18"
"2436","2004-10-19"
"2437","2004-10-20"
"2438","2004-10-21"
"2439","2004-10-22"
"2440","2004-10-23"
"2441","2004-10-24"
"2442","2004-10-25"
"2443","2004-10-26"
"2444","2004-10-27"
"2445","2004-10-28"
"2446","2004-10-29"
"2447","2004-10-30"
"2448","2004-10-31"
"2449","2005-06-01"
"2450","2005-06-02"
"2451","2005-06-03"
"2452","2005-06-04"
"2453","2005-06-05"
"2454","2005-06-06"
"2455","2005-06-07"
"2456","2005-06-08"
"2457","2005-06-09"
"2458","2005-06-10"
"2459","2005-06-11"
"2460","2005-06-12"
"2461","2005-06-13"
"2462","2005-06-14"
"2463","2005-06-15"
"2464","2005-06-16"
"2465","2005-06-17"
"2466","2005-06-18"
"2467","2005-06-19"
"2468","2005-06-20"
"2469","2005-06-21"
"2470","2005-06-22"
"2471","2005-06-23"
"2472","2005-06-24"
"2473","2005-06-25"
"2474","2005-06-26"
"2475","2005-06-27"
"2476","2005-06-28"
"2477","2005-06-29"
"2478","2005-06-30"
"2479","2005-07-01"
"2480","2005-07-02"
"2481","2005-07-03"
"2482","2005-07-04"
"2483","2005-07-05"
"2484","2005-07-06"
"2485","2005-07-07"
"2486","2005-07-08"
"2487","2005-07-09"
"2488","2005-07-10"
"2489","2005-07-11"
"2490","2005-07-12"
"2491","2005-07-13"
"2492","2005-07-14"
"2493","2005-07-15"
"2494","2005-07-16"
"2495","2005-07-17"
"2496","2005-07-18"
"2497","2005-07-19"
"2498","2005-07-20"
"2499","2005-07-21"
"2500","2005-07-22"
"2501","2005-07-23"
"2502","2005-07-24"
"2503","2005-07-25"
"2504","2005-07-26"
"2505","2005-07-27"
"2506","2005-07-28"
"2507","2005-07-29"
"2508","2005-07-30"
"2509","2005-07-31"
"2510","2005-08-01"
"2511","2005-08-02"
"2512","2005-08-03"
"2513","2005-08-04"
"2514","2005-08-05"
"2515","2005-08-06"
"2516","2005-08-07"
"2517","2005-08-08"
"2518","2005-08-09"
"2519","2005-08-10"
"2520","2005-08-11"
"2521","2005-08-12"
"2522","2005-08-13"
"2523","2005-08-14"
"2524","2005-08-15"
"2525","2005-08-16"
"2526","2005-08-17"
"2527","2005-08-18"
"2528","2005-08-19"
"2529","2005-08-20"
"2530","2005-08-21"
"2531","2005-08-22"
"2532","2005-08-23"
"2533","2005-08-24"
"2534","2005-08-25"
"2535","2005-08-26"
"2536","2005-08-27"
"2537","2005-08-28"
"2538","2005-08-29"
"2539","2005-08-30"
"2540","2005-08-31"
"2541","2005-09-01"
"2542","2005-09-02"
"2543","2005-09-03"
"2544","2005-09-04"
"2545","2005-09-05"
"2546","2005-09-06"
"2547","2005-09-07"
"2548","2005-09-08"
"2549","2005-09-09"
"2550","2005-09-10"
"2551","2005-09-11"
"2552","2005-09-12"
"2553","2005-09-13"
"2554","2005-09-14"
"2555","2005-09-15"
"2556","2005-09-16"
"2557","2005-09-17"
"2558","2005-09-18"
"2559","2005-09-19"
"2560","2005-09-20"
"2561","2005-09-21"
"2562","2005-09-22"
"2563","2005-09-23"
"2564","2005-09-24"
"2565","2005-09-25"
"2566","2005-09-26"
"2567","2005-09-27"
"2568","2005-09-28"
"2569","2005-09-29"
"2570","2005-09-30"
"2571","2005-10-01"
"2572","2005-10-02"
"2573","2005-10-03"
"2574","2005-10-04"
"2575","2005-10-05"
"2576","2005-10-06"
"2577","2005-10-07"
"2578","2005-10-08"
"2579","2005-10-09"
"2580","2005-10-10"
"2581","2005-10-11"
"2582","2005-10-12"
"2583","2005-10-13"
"2584","2005-10-14"
"2585","2005-10-15"
"2586","2005-10-16"
"2587","2005-10-17"
"2588","2005-10-18"
"2589","2005-10-19"
"2590","2005-10-20"
"2591","2005-10-21"
"2592","2005-10-22"
"2593","2005-10-23"
"2594","2005-10-24"
"2595","2005-10-25"
"2596","2005-10-26"
"2597","2005-10-27"
"2598","2005-10-28"
"2599","2005-10-29"
"2600","2005-10-30"
"2601","2005-10-31"
"2602","2006-06-01"
"2603","2006-06-02"
"2604","2006-06-03"
"2605","2006-06-04"
"2606","2006-06-05"
"2607","2006-06-06"
"2608","2006-06-07"
"2609","2006-06-08"
"2610","2006-06-09"
"2611","2006-06-10"
"2612","2006-06-11"
"2613","2006-06-12"
"2614","2006-06-13"
"2615","2006-06-14"
"2616","2006-06-15"
"2617","2006-06-16"
"2618","2006-06-17"
"2619","2006-06-18"
"2620","2006-06-19"
"2621","2006-06-20"
"2622","2006-06-21"
"2623","2006-06-22"
"2624","2006-06-23"
"2625","2006-06-24"
"2626","2006-06-25"
"2627","2006-06-26"
"2628","2006-06-27"
"2629","2006-06-28"
"2630","2006-06-29"
"2631","2006-06-30"
"2632","2006-07-01"
"2633","2006-07-02"
"2634","2006-07-03"
"2635","2006-07-04"
"2636","2006-07-05"
"2637","2006-07-06"
"2638","2006-07-07"
"2639","2006-07-08"
"2640","2006-07-09"
"2641","2006-07-10"
"2642","2006-07-11"
"2643","2006-07-12"
"2644","2006-07-13"
"2645","2006-07-14"
"2646","2006-07-15"
"2647","2006-07-16"
"2648","2006-07-17"
"2649","2006-07-18"
"2650","2006-07-19"
"2651","2006-07-20"
"2652","2006-07-21"
"2653","2006-07-22"
"2654","2006-07-23"
"2655","2006-07-24"
"2656","2006-07-25"
"2657","2006-07-26"
"2658","2006-07-27"
"2659","2006-07-28"
"2660","2006-07-29"
"2661","2006-07-30"
"2662","2006-07-31"
"2663","2006-08-01"
"2664","2006-08-02"
"2665","2006-08-03"
"2666","2006-08-04"
"2667","2006-08-05"
"2668","2006-08-06"
"2669","2006-08-07"
"2670","2006-08-08"
"2671","2006-08-09"
"2672","2006-08-10"
"2673","2006-08-11"
"2674","2006-08-12"
"2675","2006-08-13"
"2676","2006-08-14"
"2677","2006-08-15"
"2678","2006-08-16"
"2679","2006-08-17"
"2680","2006-08-18"
"2681","2006-08-19"
"2682","2006-08-20"
"2683","2006-08-21"
"2684","2006-08-22"
"2685","2006-08-23"
"2686","2006-08-24"
"2687","2006-08-25"
"2688","2006-08-26"
"2689","2006-08-27"
"2690","2006-08-28"
"2691","2006-08-29"
"2692","2006-08-30"
"2693","2006-08-31"
"2694","2006-09-01"
"2695","2006-09-02"
"2696","2006-09-03"
"2697","2006-09-04"
"2698","2006-09-05"
"2699","2006-09-06"
"2700","2006-09-07"
"2701","2006-09-08"
"2702","2006-09-09"
"2703","2006-09-10"
"2704","2006-09-11"
"2705","2006-09-12"
"2706","2006-09-13"
"2707","2006-09-14"
"2708","2006-09-15"
"2709","2006-09-16"
"2710","2006-09-17"
"2711","2006-09-18"
"2712","2006-09-19"
"2713","2006-09-20"
"2714","2006-09-21"
"2715","2006-09-22"
"2716","2006-09-23"
"2717","2006-09-24"
"2718","2006-09-25"
"2719","2006-09-26"
"2720","2006-09-27"
"2721","2006-09-28"
"2722","2006-09-29"
"2723","2006-09-30"
"2724","2006-10-01"
"2725","2006-10-02"
"2726","2006-10-03"
"2727","2006-10-04"
"2728","2006-10-05"
"2729","2006-10-06"
"2730","2006-10-07"
"2731","2006-10-08"
"2732","2006-10-09"
"2733","2006-10-10"
"2734","2006-10-11"
"2735","2006-10-12"
"2736","2006-10-13"
"2737","2006-10-14"
"2738","2006-10-15"
"2739","2006-10-16"
"2740","2006-10-17"
"2741","2006-10-18"
"2742","2006-10-19"
"2743","2006-10-20"
"2744","2006-10-21"
"2745","2006-10-22"
"2746","2006-10-23"
"2747","2006-10-24"
"2748","2006-10-25"
"2749","2006-10-26"
"2750","2006-10-27"
"2751","2006-10-28"
"2752","2006-10-29"
"2753","2006-10-30"
"2754","2006-10-31"
"2755","2007-06-01"
"2756","2007-06-02"
"2757","2007-06-03"
"2758","2007-06-04"
"2759","2007-06-05"
"2760","2007-06-06"
"2761","2007-06-07"
"2762","2007-06-08"
"2763","2007-06-09"
"2764","2007-06-10"
"2765","2007-06-11"
"2766","2007-06-12"
"2767","2007-06-13"
"2768","2007-06-14"
"2769","2007-06-15"
"2770","2007-06-16"
"2771","2007-06-17"
"2772","2007-06-18"
"2773","2007-06-19"
"2774","2007-06-20"
"2775","2007-06-21"
"2776","2007-06-22"
"2777","2007-06-23"
"2778","2007-06-24"
"2779","2007-06-25"
"2780","2007-06-26"
"2781","2007-06-27"
"2782","2007-06-28"
"2783","2007-06-29"
"2784","2007-06-30"
"2785","2007-07-01"
"2786","2007-07-02"
"2787","2007-07-03"
"2788","2007-07-04"
"2789","2007-07-05"
"2790","2007-07-06"
"2791","2007-07-07"
"2792","2007-07-08"
"2793","2007-07-09"
"2794","2007-07-10"
"2795","2007-07-11"
"2796","2007-07-12"
"2797","2007-07-13"
"2798","2007-07-14"
"2799","2007-07-15"
"2800","2007-07-16"
"2801","2007-07-17"
"2802","2007-07-18"
"2803","2007-07-19"
"2804","2007-07-20"
"2805","2007-07-21"
"2806","2007-07-22"
"2807","2007-07-23"
"2808","2007-07-24"
"2809","2007-07-25"
"2810","2007-07-26"
"2811","2007-07-27"
"2812","2007-07-28"
"2813","2007-07-29"
"2814","2007-07-30"
"2815","2007-07-31"
"2816","2007-08-01"
"2817","2007-08-02"
"2818","2007-08-03"
"2819","2007-08-04"
"2820","2007-08-05"
"2821","2007-08-06"
"2822","2007-08-07"
"2823","2007-08-08"
"2824","2007-08-09"
"2825","2007-08-10"
"2826","2007-08-11"
"2827","2007-08-12"
"2828","2007-08-13"
"2829","2007-08-14"
"2830","2007-08-15"
"2831","2007-08-16"
"2832","2007-08-17"
"2833","2007-08-18"
"2834","2007-08-19"
"2835","2007-08-20"
"2836","2007-08-21"
"2837","2007-08-22"
"2838","2007-08-23"
"2839","2007-08-24"
"2840","2007-08-25"
"2841","2007-08-26"
"2842","2007-08-27"
"2843","2007-08-28"
"2844","2007-08-29"
"2845","2007-08-30"
"2846","2007-08-31"
"2847","2007-09-01"
"2848","2007-09-02"
"2849","2007-09-03"
"2850","2007-09-04"
"2851","2007-09-05"
"2852","2007-09-06"
"2853","2007-09-07"
"2854","2007-09-08"
"2855","2007-09-09"
"2856","2007-09-10"
"2857","2007-09-11"
"2858","2007-09-12"
"2859","2007-09-13"
"2860","2007-09-14"
"2861","2007-09-15"
"2862","2007-09-16"
"2863","2007-09-17"
"2864","2007-09-18"
"2865","2007-09-19"
"2866","2007-09-20"
"2867","2007-09-21"
"2868","2007-09-22"
"2869","2007-09-23"
"2870","2007-09-24"
"2871","2007-09-25"
"2872","2007-09-26"
"2873","2007-09-27"
"2874","2007-09-28"
"2875","2007-09-29"
"2876","2007-09-30"
"2877","2007-10-01"
"2878","2007-10-02"
"2879","2007-10-03"
"2880","2007-10-04"
"2881","2007-10-05"
"2882","2007-10-06"
"2883","2007-10-07"
"2884","2007-10-08"
"2885","2007-10-09"
"2886","2007-10-10"
"2887","2007-10-11"
"2888","2007-10-12"
"2889","2007-10-13"
"2890","2007-10-14"
"2891","2007-10-15"
"2892","2007-10-16"
"2893","2007-10-17"
"2894","2007-10-18"
"2895","2007-10-19"
"2896","2007-10-20"
"2897","2007-10-21"
"2898","2007-10-22"
"2899","2007-10-23"
"2900","2007-10-24"
"2901","2007-10-25"
"2902","2007-10-26"
"2903","2007-10-27"
"2904","2007-10-28"
"2905","2007-10-29"
"2906","2007-10-30"
"2907","2007-10-31"
"2908","2008-06-01"
"2909","2008-06-02"
"2910","2008-06-03"
"2911","2008-06-04"
"2912","2008-06-05"
"2913","2008-06-06"
"2914","2008-06-07"
"2915","2008-06-08"
"2916","2008-06-09"
"2917","2008-06-10"
"2918","2008-06-11"
"2919","2008-06-12"
"2920","2008-06-13"
"2921","2008-06-14"
"2922","2008-06-15"
"2923","2008-06-16"
"2924","2008-06-17"
"2925","2008-06-18"
"2926","2008-06-19"
"2927","2008-06-20"
"2928","2008-06-21"
"2929","2008-06-22"
"2930","2008-06-23"
"2931","2008-06-24"
"2932","2008-06-25"
"2933","2008-06-26"
"2934","2008-06-27"
"2935","2008-06-28"
"2936","2008-06-29"
"2937","2008-06-30"
"2938","2008-07-01"
"2939","2008-07-02"
"2940","2008-07-03"
"2941","2008-07-04"
"2942","2008-07-05"
"2943","2008-07-06"
"2944","2008-07-07"
"2945","2008-07-08"
"2946","2008-07-09"
"2947","2008-07-10"
"2948","2008-07-11"
"2949","2008-07-12"
"2950","2008-07-13"
"2951","2008-07-14"
"2952","2008-07-15"
"2953","2008-07-16"
"2954","2008-07-17"
"2955","2008-07-18"
"2956","2008-07-19"
"2957","2008-07-20"
"2958","2008-07-21"
"2959","2008-07-22"
"2960","2008-07-23"
"2961","2008-07-24"
"2962","2008-07-25"
"2963","2008-07-26"
"2964","2008-07-27"
"2965","2008-07-28"
"2966","2008-07-29"
"2967","2008-07-30"
"2968","2008-07-31"
"2969","2008-08-01"
"2970","2008-08-02"
"2971","2008-08-03"
"2972","2008-08-04"
"2973","2008-08-05"
"2974","2008-08-06"
"2975","2008-08-07"
"2976","2008-08-08"
"2977","2008-08-09"
"2978","2008-08-10"
"2979","2008-08-11"
"2980","2008-08-12"
"2981","2008-08-13"
"2982","2008-08-14"
"2983","2008-08-15"
"2984","2008-08-16"
"2985","2008-08-17"
"2986","2008-08-18"
"2987","2008-08-19"
"2988","2008-08-20"
"2989","2008-08-21"
"2990","2008-08-22"
"2991","2008-08-23"
"2992","2008-08-24"
"2993","2008-08-25"
"2994","2008-08-26"
"2995","2008-08-27"
"2996","2008-08-28"
"2997","2008-08-29"
"2998","2008-08-30"
"2999","2008-08-31"
"3000","2008-09-01"
"3001","2008-09-02"
"3002","2008-09-03"
"3003","2008-09-04"
"3004","2008-09-05"
"3005","2008-09-06"
"3006","2008-09-07"
"3007","2008-09-08"
"3008","2008-09-09"
"3009","2008-09-10"
"3010","2008-09-11"
"3011","2008-09-12"
"3012","2008-09-13"
"3013","2008-09-14"
"3014","2008-09-15"
"3015","2008-09-16"
"3016","2008-09-17"
"3017","2008-09-18"
"3018","2008-09-19"
"3019","2008-09-20"
"3020","2008-09-21"
"3021","2008-09-22"
"3022","2008-09-23"
"3023","2008-09-24"
"3024","2008-09-25"
"3025","2008-09-26"
"3026","2008-09-27"
"3027","2008-09-28"
"3028","2008-09-29"
"3029","2008-09-30"
"3030","2008-10-01"
"3031","2008-10-02"
"3032","2008-10-03"
"3033","2008-10-04"
"3034","2008-10-05"
"3035","2008-10-06"
"3036","2008-10-07"
"3037","2008-10-08"
"3038","2008-10-09"
"3039","2008-10-10"
"3040","2008-10-11"
"3041","2008-10-12"
"3042","2008-10-13"
"3043","2008-10-14"
"3044","2008-10-15"
"3045","2008-10-16"
"3046","2008-10-17"
"3047","2008-10-18"
"3048","2008-10-19"
"3049","2008-10-20"
"3050","2008-10-21"
"3051","2008-10-22"
"3052","2008-10-23"
"3053","2008-10-24"
"3054","2008-10-25"
"3055","2008-10-26"
"3056","2008-10-27"
"3057","2008-10-28"
"3058","2008-10-29"
"3059","2008-10-30"
"3060","2008-10-31"
"3061","2009-06-01"
"3062","2009-06-02"
"3063","2009-06-03"
"3064","2009-06-04"
"3065","2009-06-05"
"3066","2009-06-06"
"3067","2009-06-07"
"3068","2009-06-08"
"3069","2009-06-09"
"3070","2009-06-10"
"3071","2009-06-11"
"3072","2009-06-12"
"3073","2009-06-13"
"3074","2009-06-14"
"3075","2009-06-15"
"3076","2009-06-16"
"3077","2009-06-17"
"3078","2009-06-18"
"3079","2009-06-19"
"3080","2009-06-20"
"3081","2009-06-21"
"3082","2009-06-22"
"3083","2009-06-23"
"3084","2009-06-24"
"3085","2009-06-25"
"3086","2009-06-26"
"3087","2009-06-27"
"3088","2009-06-28"
"3089","2009-06-29"
"3090","2009-06-30"
"3091","2009-07-01"
"3092","2009-07-02"
"3093","2009-07-03"
"3094","2009-07-04"
"3095","2009-07-05"
"3096","2009-07-06"
"3097","2009-07-07"
"3098","2009-07-08"
"3099","2009-07-09"
"3100","2009-07-10"
"3101","2009-07-11"
"3102","2009-07-12"
"3103","2009-07-13"
"3104","2009-07-14"
"3105","2009-07-15"
"3106","2009-07-16"
"3107","2009-07-17"
"3108","2009-07-18"
"3109","2009-07-19"
"3110","2009-07-20"
"3111","2009-07-21"
"3112","2009-07-22"
"3113","2009-07-23"
"3114","2009-07-24"
"3115","2009-07-25"
"3116","2009-07-26"
"3117","2009-07-27"
"3118","2009-07-28"
"3119","2009-07-29"
"3120","2009-07-30"
"3121","2009-07-31"
"3122","2009-08-01"
"3123","2009-08-02"
"3124","2009-08-03"
"3125","2009-08-04"
"3126","2009-08-05"
"3127","2009-08-06"
"3128","2009-08-07"
"3129","2009-08-08"
"3130","2009-08-09"
"3131","2009-08-10"
"3132","2009-08-11"
"3133","2009-08-12"
"3134","2009-08-13"
"3135","2009-08-14"
"3136","2009-08-15"
"3137","2009-08-16"
"3138","2009-08-17"
"3139","2009-08-18"
"3140","2009-08-19"
"3141","2009-08-20"
"3142","2009-08-21"
"3143","2009-08-22"
"3144","2009-08-23"
"3145","2009-08-24"
"3146","2009-08-25"
"3147","2009-08-26"
"3148","2009-08-27"
"3149","2009-08-28"
"3150","2009-08-29"
"3151","2009-08-30"
"3152","2009-08-31"
"3153","2009-09-01"
"3154","2009-09-02"
"3155","2009-09-03"
"3156","2009-09-04"
"3157","2009-09-05"
"3158","2009-09-06"
"3159","2009-09-07"
"3160","2009-09-08"
"3161","2009-09-09"
"3162","2009-09-10"
"3163","2009-09-11"
"3164","2009-09-12"
"3165","2009-09-13"
"3166","2009-09-14"
"3167","2009-09-15"
"3168","2009-09-16"
"3169","2009-09-17"
"3170","2009-09-18"
"3171","2009-09-19"
"3172","2009-09-20"
"3173","2009-09-21"
"3174","2009-09-22"
"3175","2009-09-23"
"3176","2009-09-24"
"3177","2009-09-25"
"3178","2009-09-26"
"3179","2009-09-27"
"3180","2009-09-28"
"3181","2009-09-29"
"3182","2009-09-30"
"3183","2009-10-01"
"3184","2009-10-02"
"3185","2009-10-03"
"3186","2009-10-04"
"3187","2009-10-05"
"3188","2009-10-06"
"3189","2009-10-07"
"3190","2009-10-08"
"3191","2009-10-09"
"3192","2009-10-10"
"3193","2009-10-11"
"3194","2009-10-12"
"3195","2009-10-13"
"3196","2009-10-14"
"3197","2009-10-15"
"3198","2009-10-16"
"3199","2009-10-17"
"3200","2009-10-18"
"3201","2009-10-19"
"3202","2009-10-20"
"3203","2009-10-21"
"3204","2009-10-22"
"3205","2009-10-23"
"3206","2009-10-24"
"3207","2009-10-25"
"3208","2009-10-26"
"3209","2009-10-27"
"3210","2009-10-28"
"3211","2009-10-29"
"3212","2009-10-30"
"3213","2009-10-31"
"3214","2010-06-01"
"3215","2010-06-02"
"3216","2010-06-03"
"3217","2010-06-04"
"3218","2010-06-05"
"3219","2010-06-06"
"3220","2010-06-07"
"3221","2010-06-08"
"3222","2010-06-09"
"3223","2010-06-10"
"3224","2010-06-11"
"3225","2010-06-12"
"3226","2010-06-13"
"3227","2010-06-14"
"3228","2010-06-15"
"3229","2010-06-16"
"3230","2010-06-17"
"3231","2010-06-18"
"3232","2010-06-19"
"3233","2010-06-20"
"3234","2010-06-21"
"3235","2010-06-22"
"3236","2010-06-23"
"3237","2010-06-24"
"3238","2010-06-25"
"3239","2010-06-26"
"3240","2010-06-27"
"3241","2010-06-28"
"3242","2010-06-29"
"3243","2010-06-30"
"3244","2010-07-01"
"3245","2010-07-02"
"3246","2010-07-03"
"3247","2010-07-04"
"3248","2010-07-05"
"3249","2010-07-06"
"3250","2010-07-07"
"3251","2010-07-08"
"3252","2010-07-09"
"3253","2010-07-10"
"3254","2010-07-11"
"3255","2010-07-12"
"3256","2010-07-13"
"3257","2010-07-14"
"3258","2010-07-15"
"3259","2010-07-16"
"3260","2010-07-17"
"3261","2010-07-18"
"3262","2010-07-19"
"3263","2010-07-20"
"3264","2010-07-21"
"3265","2010-07-22"
"3266","2010-07-23"
"3267","2010-07-24"
"3268","2010-07-25"
"3269","2010-07-26"
"3270","2010-07-27"
"3271","2010-07-28"
"3272","2010-07-29"
"3273","2010-07-30"
"3274","2010-07-31"
"3275","2010-08-01"
"3276","2010-08-02"
"3277","2010-08-03"
"3278","2010-08-04"
"3279","2010-08-05"
"3280","2010-08-06"
"3281","2010-08-07"
"3282","2010-08-08"
"3283","2010-08-09"
"3284","2010-08-10"
"3285","2010-08-11"
"3286","2010-08-12"
"3287","2010-08-13"
"3288","2010-08-14"
"3289","2010-08-15"
"3290","2010-08-16"
"3291","2010-08-17"
"3292","2010-08-18"
"3293","2010-08-19"
"3294","2010-08-20"
"3295","2010-08-21"
"3296","2010-08-22"
"3297","2010-08-23"
"3298","2010-08-24"
"3299","2010-08-25"
"3300","2010-08-26"
"3301","2010-08-27"
"3302","2010-08-28"
"3303","2010-08-29"
"3304","2010-08-30"
"3305","2010-08-31"
"3306","2010-09-01"
"3307","2010-09-02"
"3308","2010-09-03"
"3309","2010-09-04"
"3310","2010-09-05"
"3311","2010-09-06"
"3312","2010-09-07"
"3313","2010-09-08"
"3314","2010-09-09"
"3315","2010-09-10"
"3316","2010-09-11"
"3317","2010-09-12"
"3318","2010-09-13"
"3319","2010-09-14"
"3320","2010-09-15"
"3321","2010-09-16"
"3322","2010-09-17"
"3323","2010-09-18"
"3324","2010-09-19"
"3325","2010-09-20"
"3326","2010-09-21"
"3327","2010-09-22"
"3328","2010-09-23"
"3329","2010-09-24"
"3330","2010-09-25"
"3331","2010-09-26"
"3332","2010-09-27"
"3333","2010-09-28"
"3334","2010-09-29"
"3335","2010-09-30"
"3336","2010-10-01"
"3337","2010-10-02"
"3338","2010-10-03"
"3339","2010-10-04"
"3340","2010-10-05"
"3341","2010-10-06"
"3342","2010-10-07"
"3343","2010-10-08"
"3344","2010-10-09"
"3345","2010-10-10"
"3346","2010-10-11"
"3347","2010-10-12"
"3348","2010-10-13"
"3349","2010-10-14"
"3350","2010-10-15"
"3351","2010-10-16"
"3352","2010-10-17"
"3353","2010-10-18"
"3354","2010-10-19"
"3355","2010-10-20"
"3356","2010-10-21"
"3357","2010-10-22"
"3358","2010-10-23"
"3359","2010-10-24"
"3360","2010-10-25"
"3361","2010-10-26"
"3362","2010-10-27"
"3363","2010-10-28"
"3364","2010-10-29"
"3365","2010-10-30"
"3366","2010-10-31"
"3367","2011-06-01"
"3368","2011-06-02"
"3369","2011-06-03"
"3370","2011-06-04"
"3371","2011-06-05"
"3372","2011-06-06"
"3373","2011-06-07"
"3374","2011-06-08"
"3375","2011-06-09"
"3376","2011-06-10"
"3377","2011-06-11"
"3378","2011-06-12"
"3379","2011-06-13"
"3380","2011-06-14"
"3381","2011-06-15"
"3382","2011-06-16"
"3383","2011-06-17"
"3384","2011-06-18"
"3385","2011-06-19"
"3386","2011-06-20"
"3387","2011-06-21"
"3388","2011-06-22"
"3389","2011-06-23"
"3390","2011-06-24"
"3391","2011-06-25"
"3392","2011-06-26"
"3393","2011-06-27"
"3394","2011-06-28"
"3395","2011-06-29"
"3396","2011-06-30"
"3397","2011-07-01"
"3398","2011-07-02"
"3399","2011-07-03"
"3400","2011-07-04"
"3401","2011-07-05"
"3402","2011-07-06"
"3403","2011-07-07"
"3404","2011-07-08"
"3405","2011-07-09"
"3406","2011-07-10"
"3407","2011-07-11"
"3408","2011-07-12"
"3409","2011-07-13"
"3410","2011-07-14"
"3411","2011-07-15"
"3412","2011-07-16"
"3413","2011-07-17"
"3414","2011-07-18"
"3415","2011-07-19"
"3416","2011-07-20"
"3417","2011-07-21"
"3418","2011-07-22"
"3419","2011-07-23"
"3420","2011-07-24"
"3421","2011-07-25"
"3422","2011-07-26"
"3423","2011-07-27"
"3424","2011-07-28"
"3425","2011-07-29"
"3426","2011-07-30"
"3427","2011-07-31"
"3428","2011-08-01"
"3429","2011-08-02"
"3430","2011-08-03"
"3431","2011-08-04"
"3432","2011-08-05"
"3433","2011-08-06"
"3434","2011-08-07"
"3435","2011-08-08"
"3436","2011-08-09"
"3437","2011-08-10"
"3438","2011-08-11"
"3439","2011-08-12"
"3440","2011-08-13"
"3441","2011-08-14"
"3442","2011-08-15"
"3443","2011-08-16"
"3444","2011-08-17"
"3445","2011-08-18"
"3446","2011-08-19"
"3447","2011-08-20"
"3448","2011-08-21"
"3449","2011-08-22"
"3450","2011-08-23"
"3451","2011-08-24"
"3452","2011-08-25"
"3453","2011-08-26"
"3454","2011-08-27"
"3455","2011-08-28"
"3456","2011-08-29"
"3457","2011-08-30"
"3458","2011-08-31"
"3459","2011-09-01"
"3460","2011-09-02"
"3461","2011-09-03"
"3462","2011-09-04"
"3463","2011-09-05"
"3464","2011-09-06"
"3465","2011-09-07"
"3466","2011-09-08"
"3467","2011-09-09"
"3468","2011-09-10"
"3469","2011-09-11"
"3470","2011-09-12"
"3471","2011-09-13"
"3472","2011-09-14"
"3473","2011-09-15"
"3474","2011-09-16"
"3475","2011-09-17"
"3476","2011-09-18"
"3477","2011-09-19"
"3478","2011-09-20"
"3479","2011-09-21"
"3480","2011-09-22"
"3481","2011-09-23"
"3482","2011-09-24"
"3483","2011-09-25"
"3484","2011-09-26"
"3485","2011-09-27"
"3486","2011-09-28"
"3487","2011-09-29"
"3488","2011-09-30"
"3489","2011-10-01"
"3490","2011-10-02"
"3491","2011-10-03"
"3492","2011-10-04"
"3493","2011-10-05"
"3494","2011-10-06"
"3495","2011-10-07"
"3496","2011-10-08"
"3497","2011-10-09"
"3498","2011-10-10"
"3499","2011-10-11"
"3500","2011-10-12"
"3501","2011-10-13"
"3502","2011-10-14"
"3503","2011-10-15"
"3504","2011-10-16"
"3505","2011-10-17"
"3506","2011-10-18"
"3507","2011-10-19"
"3508","2011-10-20"
"3509","2011-10-21"
"3510","2011-10-22"
"3511","2011-10-23"
"3512","2011-10-24"
"3513","2011-10-25"
"3514","2011-10-26"
"3515","2011-10-27"
"3516","2011-10-28"
"3517","2011-10-29"
"3518","2011-10-30"
"3519","2011-10-31"
"3520","2012-06-01"
"3521","2012-06-02"
"3522","2012-06-03"
"3523","2012-06-04"
"3524","2012-06-05"
"3525","2012-06-06"
"3526","2012-06-07"
"3527","2012-06-08"
"3528","2012-06-09"
"3529","2012-06-10"
"3530","2012-06-11"
"3531","2012-06-12"
"3532","2012-06-13"
"3533","2012-06-14"
"3534","2012-06-15"
"3535","2012-06-16"
"3536","2012-06-17"
"3537","2012-06-18"
"3538","2012-06-19"
"3539","2012-06-20"
"3540","2012-06-21"
"3541","2012-06-22"
"3542","2012-06-23"
"3543","2012-06-24"
"3544","2012-06-25"
"3545","2012-06-26"
"3546","2012-06-27"
"3547","2012-06-28"
"3548","2012-06-29"
"3549","2012-06-30"
"3550","2012-07-01"
"3551","2012-07-02"
"3552","2012-07-03"
"3553","2012-07-04"
"3554","2012-07-05"
"3555","2012-07-06"
"3556","2012-07-07"
"3557","2012-07-08"
"3558","2012-07-09"
"3559","2012-07-10"
"3560","2012-07-11"
"3561","2012-07-12"
"3562","2012-07-13"
"3563","2012-07-14"
"3564","2012-07-15"
"3565","2012-07-16"
"3566","2012-07-17"
"3567","2012-07-18"
"3568","2012-07-19"
"3569","2012-07-20"
"3570","2012-07-21"
"3571","2012-07-22"
"3572","2012-07-23"
"3573","2012-07-24"
"3574","2012-07-25"
"3575","2012-07-26"
"3576","2012-07-27"
"3577","2012-07-28"
"3578","2012-07-29"
"3579","2012-07-30"
"3580","2012-07-31"
"3581","2012-08-01"
"3582","2012-08-02"
"3583","2012-08-03"
"3584","2012-08-04"
"3585","2012-08-05"
"3586","2012-08-06"
"3587","2012-08-07"
"3588","2012-08-08"
"3589","2012-08-09"
"3590","2012-08-10"
"3591","2012-08-11"
"3592","2012-08-12"
"3593","2012-08-13"
"3594","2012-08-14"
"3595","2012-08-15"
"3596","2012-08-16"
"3597","2012-08-17"
"3598","2012-08-18"
"3599","2012-08-19"
"3600","2012-08-20"
"3601","2012-08-21"
"3602","2012-08-22"
"3603","2012-08-23"
"3604","2012-08-24"
"3605","2012-08-25"
"3606","2012-08-26"
"3607","2012-08-27"
"3608","2012-08-28"
"3609","2012-08-29"
"3610","2012-08-30"
"3611","2012-08-31"
"3612","2012-09-01"
"3613","2012-09-02"
"3614","2012-09-03"
"3615","2012-09-04"
"3616","2012-09-05"
"3617","2012-09-06"
"3618","2012-09-07"
"3619","2012-09-08"
"3620","2012-09-09"
"3621","2012-09-10"
"3622","2012-09-11"
"3623","2012-09-12"
"3624","2012-09-13"
"3625","2012-09-14"
"3626","2012-09-15"
"3627","2012-09-16"
"3628","2012-09-17"
"3629","2012-09-18"
"3630","2012-09-19"
"3631","2012-09-20"
"3632","2012-09-21"
"3633","2012-09-22"
"3634","2012-09-23"
"3635","2012-09-24"
"3636","2012-09-25"
"3637","2012-09-26"
"3638","2012-09-27"
"3639","2012-09-28"
"3640","2012-09-29"
"3641","2012-09-30"
"3642","2012-10-01"
"3643","2012-10-02"
"3644","2012-10-03"
"3645","2012-10-04"
"3646","2012-10-05"
"3647","2012-10-06"
"3648","2012-10-07"
"3649","2012-10-08"
"3650","2012-10-09"
"3651","2012-10-10"
"3652","2012-10-11"
"3653","2012-10-12"
"3654","2012-10-13"
"3655","2012-10-14"
"3656","2012-10-15"
"3657","2012-10-16"
"3658","2012-10-17"
"3659","2012-10-18"
"3660","2012-10-19"
"3661","2012-10-20"
"3662","2012-10-21"
"3663","2012-10-22"
"3664","2012-10-23"
"3665","2012-10-24"
"3666","2012-10-25"
"3667","2012-10-26"
"3668","2012-10-27"
"3669","2012-10-28"
"3670","2012-10-29"
"3671","2012-10-30"
"3672","2012-10-31"
"3673","2013-06-01"
"3674","2013-06-02"
"3675","2013-06-03"
"3676","2013-06-04"
"3677","2013-06-05"
"3678","2013-06-06"
"3679","2013-06-07"
"3680","2013-06-08"
"3681","2013-06-09"
"3682","2013-06-10"
"3683","2013-06-11"
"3684","2013-06-12"
"3685","2013-06-13"
"3686","2013-06-14"
"3687","2013-06-15"
"3688","2013-06-16"
"3689","2013-06-17"
"3690","2013-06-18"
"3691","2013-06-19"
"3692","2013-06-20"
"3693","2013-06-21"
"3694","2013-06-22"
"3695","2013-06-23"
"3696","2013-06-24"
"3697","2013-06-25"
"3698","2013-06-26"
"3699","2013-06-27"
"3700","2013-06-28"
"3701","2013-06-29"
"3702","2013-06-30"
"3703","2013-07-01"
"3704","2013-07-02"
"3705","2013-07-03"
"3706","2013-07-04"
"3707","2013-07-05"
"3708","2013-07-06"
"3709","2013-07-07"
"3710","2013-07-08"
"3711","2013-07-09"
"3712","2013-07-10"
"3713","2013-07-11"
"3714","2013-07-12"
"3715","2013-07-13"
"3716","2013-07-14"
"3717","2013-07-15"
"3718","2013-07-16"
"3719","2013-07-17"
"3720","2013-07-18"
"3721","2013-07-19"
"3722","2013-07-20"
"3723","2013-07-21"
"3724","2013-07-22"
"3725","2013-07-23"
"3726","2013-07-24"
"3727","2013-07-25"
"3728","2013-07-26"
"3729","2013-07-27"
"3730","2013-07-28"
"3731","2013-07-29"
"3732","2013-07-30"
"3733","2013-07-31"
"3734","2013-08-01"
"3735","2013-08-02"
"3736","2013-08-03"
"3737","2013-08-04"
"3738","2013-08-05"
"3739","2013-08-06"
"3740","2013-08-07"
"3741","2013-08-08"
"3742","2013-08-09"
"3743","2013-08-10"
"3744","2013-08-11"
"3745","2013-08-12"
"3746","2013-08-13"
"3747","2013-08-14"
"3748","2013-08-15"
"3749","2013-08-16"
"3750","2013-08-17"
"3751","2013-08-18"
"3752","2013-08-19"
"3753","2013-08-20"
"3754","2013-08-21"
"3755","2013-08-22"
"3756","2013-08-23"
"3757","2013-08-24"
"3758","2013-08-25"
"3759","2013-08-26"
"3760","2013-08-27"
"3761","2013-08-28"
"3762","2013-08-29"
"3763","2013-08-30"
"3764","2013-08-31"
"3765","2013-09-01"
"3766","2013-09-02"
"3767","2013-09-03"
"3768","2013-09-04"
"3769","2013-09-05"
"3770","2013-09-06"
"3771","2013-09-07"
"3772","2013-09-08"
"3773","2013-09-09"
"3774","2013-09-10"
"3775","2013-09-11"
"3776","2013-09-12"
"3777","2013-09-13"
"3778","2013-09-14"
"3779","2013-09-15"
"3780","2013-09-16"
"3781","2013-09-17"
"3782","2013-09-18"
"3783","2013-09-19"
"3784","2013-09-20"
"3785","2013-09-21"
"3786","2013-09-22"
"3787","2013-09-23"
"3788","2013-09-24"
"3789","2013-09-25"
"3790","2013-09-26"
"3791","2013-09-27"
"3792","2013-09-28"
"3793","2013-09-29"
"3794","2013-09-30"
"3795","2013-10-01"
"3796","2013-10-02"
"3797","2013-10-03"
"3798","2013-10-04"
"3799","2013-10-05"
"3800","2013-10-06"
"3801","2013-10-07"
"3802","2013-10-08"
"3803","2013-10-09"
"3804","2013-10-10"
"3805","2013-10-11"
"3806","2013-10-12"
"3807","2013-10-13"
"3808","2013-10-14"
"3809","2013-10-15"
"3810","2013-10-16"
"3811","2013-10-17"
"3812","2013-10-18"
"3813","2013-10-19"
"3814","2013-10-20"
"3815","2013-10-21"
"3816","2013-10-22"
"3817","2013-10-23"
"3818","2013-10-24"
"3819","2013-10-25"
"3820","2013-10-26"
"3821","2013-10-27"
"3822","2013-10-28"
"3823","2013-10-29"
"3824","2013-10-30"
"3825","2013-10-31"
"3826","2014-06-01"
"3827","2014-06-02"
"3828","2014-06-03"
"3829","2014-06-04"
"3830","2014-06-05"
"3831","2014-06-06"
"3832","2014-06-07"
"3833","2014-06-08"
"3834","2014-06-09"
"3835","2014-06-10"
"3836","2014-06-11"
"3837","2014-06-12"
"3838","2014-06-13"
"3839","2014-06-14"
"3840","2014-06-15"
"3841","2014-06-16"
"3842","2014-06-17"
"3843","2014-06-18"
"3844","2014-06-19"
"3845","2014-06-20"
"3846","2014-06-21"
"3847","2014-06-22"
"3848","2014-06-23"
"3849","2014-06-24"
"3850","2014-06-25"
"3851","2014-06-26"
"3852","2014-06-27"
"3853","2014-06-28"
"3854","2014-06-29"
"3855","2014-06-30"
"3856","2014-07-01"
"3857","2014-07-02"
"3858","2014-07-03"
"3859","2014-07-04"
"3860","2014-07-05"
"3861","2014-07-06"
"3862","2014-07-07"
"3863","2014-07-08"
"3864","2014-07-09"
"3865","2014-07-10"
"3866","2014-07-11"
"3867","2014-07-12"
"3868","2014-07-13"
"3869","2014-07-14"
"3870","2014-07-15"
"3871","2014-07-16"
"3872","2014-07-17"
"3873","2014-07-18"
"3874","2014-07-19"
"3875","2014-07-20"
"3876","2014-07-21"
"3877","2014-07-22"
"3878","2014-07-23"
"3879","2014-07-24"
"3880","2014-07-25"
"3881","2014-07-26"
"3882","2014-07-27"
"3883","2014-07-28"
"3884","2014-07-29"
"3885","2014-07-30"
"3886","2014-07-31"
"3887","2014-08-01"
"3888","2014-08-02"
"3889","2014-08-03"
"3890","2014-08-04"
"3891","2014-08-05"
"3892","2014-08-06"
"3893","2014-08-07"
"3894","2014-08-08"
"3895","2014-08-09"
"3896","2014-08-10"
"3897","2014-08-11"
"3898","2014-08-12"
"3899","2014-08-13"
"3900","2014-08-14"
"3901","2014-08-15"
"3902","2014-08-16"
"3903","2014-08-17"
"3904","2014-08-18"
"3905","2014-08-19"
"3906","2014-08-20"
"3907","2014-08-21"
"3908","2014-08-22"
"3909","2014-08-23"
"3910","2014-08-24"
"3911","2014-08-25"
"3912","2014-08-26"
"3913","2014-08-27"
"3914","2014-08-28"
"3915","2014-08-29"
"3916","2014-08-30"
"3917","2014-08-31"
"3918","2014-09-01"
"3919","2014-09-02"
"3920","2014-09-03"
"3921","2014-09-04"
"3922","2014-09-05"
"3923","2014-09-06"
"3924","2014-09-07"
"3925","2014-09-08"
"3926","2014-09-09"
"3927","2014-09-10"
"3928","2014-09-11"
"3929","2014-09-12"
"3930","2014-09-13"
"3931","2014-09-14"
"3932","2014-09-15"
"3933","2014-09-16"
"3934","2014-09-17"
"3935","2014-09-18"
"3936","2014-09-19"
"3937","2014-09-20"
"3938","2014-09-21"
"3939","2014-09-22"
"3940","2014-09-23"
"3941","2014-09-24"
"3942","2014-09-25"
"3943","2014-09-26"
"3944","2014-09-27"
"3945","2014-09-28"
"3946","2014-09-29"
"3947","2014-09-30"
"3948","2014-10-01"
"3949","2014-10-02"
"3950","2014-10-03"
"3951","2014-10-04"
"3952","2014-10-05"
"3953","2014-10-06"
"3954","2014-10-07"
"3955","2014-10-08"
"3956","2014-10-09"
"3957","2014-10-10"
"3958","2014-10-11"
"3959","2014-10-12"
"3960","2014-10-13"
"3961","2014-10-14"
"3962","2014-10-15"
"3963","2014-10-16"
"3964","2014-10-17"
"3965","2014-10-18"
"3966","2014-10-19"
"3967","2014-10-20"
"3968","2014-10-21"
"3969","2014-10-22"
"3970","2014-10-23"
"3971","2014-10-24"
"3972","2014-10-25"
"3973","2014-10-26"
"3974","2014-10-27"
"3975","2014-10-28"
"3976","2014-10-29"
"3977","2014-10-30"
"3978","2014-10-31"
"3979","2015-06-01"
"3980","2015-06-02"
"3981","2015-06-03"
"3982","2015-06-04"
"3983","2015-06-05"
"3984","2015-06-06"
"3985","2015-06-07"
"3986","2015-06-08"
"3987","2015-06-09"
"3988","2015-06-10"
"3989","2015-06-11"
"3990","2015-06-12"
"3991","2015-06-13"
"3992","2015-06-14"
"3993","2015-06-15"
"3994","2015-06-16"
"3995","2015-06-17"
"3996","2015-06-18"
"3997","2015-06-19"
"3998","2015-06-20"
"3999","2015-06-21"
"4000","2015-06-22"
"4001","2015-06-23"
"4002","2015-06-24"
"4003","2015-06-25"
"4004","2015-06-26"
"4005","2015-06-27"
"4006","2015-06-28"
"4007","2015-06-29"
"4008","2015-06-30"
"4009","2015-07-01"
"4010","2015-07-02"
"4011","2015-07-03"
"4012","2015-07-04"
"4013","2015-07-05"
"4014","2015-07-06"
"4015","2015-07-07"
"4016","2015-07-08"
"4017","2015-07-09"
"4018","2015-07-10"
"4019","2015-07-11"
"4020","2015-07-12"
"4021","2015-07-13"
"4022","2015-07-14"
"4023","2015-07-15"
"4024","2015-07-16"
"4025","2015-07-17"
"4026","2015-07-18"
"4027","2015-07-19"
"4028","2015-07-20"
"4029","2015-07-21"
"4030","2015-07-22"
"4031","2015-07-23"
"4032","2015-07-24"
"4033","2015-07-25"
"4034","2015-07-26"
"4035","2015-07-27"
"4036","2015-07-28"
"4037","2015-07-29"
"4038","2015-07-30"
"4039","2015-07-31"
"4040","2015-08-01"
"4041","2015-08-02"
"4042","2015-08-03"
"4043","2015-08-04"
"4044","2015-08-05"
"4045","2015-08-06"
"4046","2015-08-07"
"4047","2015-08-08"
"4048","2015-08-09"
"4049","2015-08-10"
"4050","2015-08-11"
"4051","2015-08-12"
"4052","2015-08-13"
"4053","2015-08-14"
"4054","2015-08-15"
"4055","2015-08-16"
"4056","2015-08-17"
"4057","2015-08-18"
"4058","2015-08-19"
"4059","2015-08-20"
"4060","2015-08-21"
"4061","2015-08-22"
"4062","2015-08-23"
"4063","2015-08-24"
"4064","2015-08-25"
"4065","2015-08-26"
"4066","2015-08-27"
"4067","2015-08-28"
"4068","2015-08-29"
"4069","2015-08-30"
"4070","2015-08-31"
"4071","2015-09-01"
"4072","2015-09-02"
"4073","2015-09-03"
"4074","2015-09-04"
"4075","2015-09-05"
"4076","2015-09-06"
"4077","2015-09-07"
"4078","2015-09-08"
"4079","2015-09-09"
"4080","2015-09-10"
"4081","2015-09-11"
"4082","2015-09-12"
"4083","2015-09-13"
"4084","2015-09-14"
"4085","2015-09-15"
"4086","2015-09-16"
"4087","2015-09-17"
"4088","2015-09-18"
"4089","2015-09-19"
"4090","2015-09-20"
"4091","2015-09-21"
"4092","2015-09-22"
"4093","2015-09-23"
"4094","2015-09-24"
"4095","2015-09-25"
"4096","2015-09-26"
"4097","2015-09-27"
"4098","2015-09-28"
"4099","2015-09-29"
"4100","2015-09-30"
"4101","2015-10-01"
"4102","2015-10-02"
"4103","2015-10-03"
"4104","2015-10-04"
"4105","2015-10-05"
"4106","2015-10-06"
"4107","2015-10-07"
"4108","2015-10-08"
"4109","2015-10-09"
"4110","2015-10-10"
"4111","2015-10-11"
"4112","2015-10-12"
"4113","2015-10-13"
"4114","2015-10-14"
"4115","2015-10-15"
"4116","2015-10-16"
"4117","2015-10-17"
"4118","2015-10-18"
"4119","2015-10-19"
"4120","2015-10-20"
"4121","2015-10-21"
"4122","2015-10-22"
"4123","2015-10-23"
"4124","2015-10-24"
"4125","2015-10-25"
"4126","2015-10-26"
"4127","2015-10-27"
"4128","2015-10-28"
"4129","2015-10-29"
"4130","2015-10-30"
"4131","2015-10-31"
"4132","2016-06-01"
"4133","2016-06-02"
"4134","2016-06-03"
"4135","2016-06-04"
"4136","2016-06-05"
"4137","2016-06-06"
"4138","2016-06-07"
"4139","2016-06-08"
"4140","2016-06-09"
"4141","2016-06-10"
"4142","2016-06-11"
"4143","2016-06-12"
"4144","2016-06-13"
"4145","2016-06-14"
"4146","2016-06-15"
"4147","2016-06-16"
"4148","2016-06-17"
"4149","2016-06-18"
"4150","2016-06-19"
"4151","2016-06-20"
"4152","2016-06-21"
"4153","2016-06-22"
"4154","2016-06-23"
"4155","2016-06-24"
"4156","2016-06-25"
"4157","2016-06-26"
"4158","2016-06-27"
"4159","2016-06-28"
"4160","2016-06-29"
"4161","2016-06-30"
"4162","2016-07-01"
"4163","2016-07-02"
"4164","2016-07-03"
"4165","2016-07-04"
"4166","2016-07-05"
"4167","2016-07-06"
"4168","2016-07-07"
"4169","2016-07-08"
"4170","2016-07-09"
"4171","2016-07-10"
"4172","2016-07-11"
"4173","2016-07-12"
"4174","2016-07-13"
"4175","2016-07-14"
"4176","2016-07-15"
"4177","2016-07-16"
"4178","2016-07-17"
"4179","2016-07-18"
"4180","2016-07-19"
"4181","2016-07-20"
"4182","2016-07-21"
"4183","2016-07-22"
"4184","2016-07-23"
"4185","2016-07-24"
"4186","2016-07-25"
"4187","2016-07-26"
"4188","2016-07-27"
"4189","2016-07-28"
"4190","2016-07-29"
"4191","2016-07-30"
"4192","2016-07-31"
"4193","2016-08-01"
"4194","2016-08-02"
"4195","2016-08-03"
"4196","2016-08-04"
"4197","2016-08-05"
"4198","2016-08-06"
"4199","2016-08-07"
"4200","2016-08-08"
"4201","2016-08-09"
"4202","2016-08-10"
"4203","2016-08-11"
"4204","2016-08-12"
"4205","2016-08-13"
"4206","2016-08-14"
"4207","2016-08-15"
"4208","2016-08-16"
"4209","2016-08-17"
"4210","2016-08-18"
"4211","2016-08-19"
"4212","2016-08-20"
"4213","2016-08-21"
"4214","2016-08-22"
"4215","2016-08-23"
"4216","2016-08-24"
"4217","2016-08-25"
"4218","2016-08-26"
"4219","2016-08-27"
"4220","2016-08-28"
"4221","2016-08-29"
"4222","2016-08-30"
"4223","2016-08-31"
"4224","2016-09-01"
"4225","2016-09-02"
"4226","2016-09-03"
"4227","2016-09-04"
"4228","2016-09-05"
"4229","2016-09-06"
"4230","2016-09-07"
"4231","2016-09-08"
"4232","2016-09-09"
"4233","2016-09-10"
"4234","2016-09-11"
"4235","2016-09-12"
"4236","2016-09-13"
"4237","2016-09-14"
"4238","2016-09-15"
"4239","2016-09-16"
"4240","2016-09-17"
"4241","2016-09-18"
"4242","2016-09-19"
"4243","2016-09-20"
"4244","2016-09-21"
"4245","2016-09-22"
"4246","2016-09-23"
"4247","2016-09-24"
"4248","2016-09-25"
"4249","2016-09-26"
"4250","2016-09-27"
"4251","2016-09-28"
"4252","2016-09-29"
"4253","2016-09-30"
"4254","2016-10-01"
"4255","2016-10-02"
"4256","2016-10-03"
"4257","2016-10-04"
"4258","2016-10-05"
"4259","2016-10-06"
"4260","2016-10-07"
"4261","2016-10-08"
"4262","2016-10-09"
"4263","2016-10-10"
"4264","2016-10-11"
"4265","2016-10-12"
"4266","2016-10-13"
"4267","2016-10-14"
"4268","2016-10-15"
"4269","2016-10-16"
"4270","2016-10-17"
"4271","2016-10-18"
"4272","2016-10-19"
"4273","2016-10-20"
"4274","2016-10-21"
"4275","2016-10-22"
"4276","2016-10-23"
"4277","2016-10-24"
"4278","2016-10-25"
"4279","2016-10-26"
"4280","2016-10-27"
"4281","2016-10-28"
"4282","2016-10-29"
"4283","2016-10-30"
"4284","2016-10-31"
"4285","2017-06-01"
"4286","2017-06-02"
"4287","2017-06-03"
"4288","2017-06-04"
"4289","2017-06-05"
"4290","2017-06-06"
"4291","2017-06-07"
"4292","2017-06-08"
"4293","2017-06-09"
"4294","2017-06-10"
"4295","2017-06-11"
"4296","2017-06-12"
"4297","2017-06-13"
"4298","2017-06-14"
"4299","2017-06-15"
"4300","2017-06-16"
"4301","2017-06-17"
"4302","2017-06-18"
"4303","2017-06-19"
"4304","2017-06-20"
"4305","2017-06-21"
"4306","2017-06-22"
"4307","2017-06-23"
"4308","2017-06-24"
"4309","2017-06-25"
"4310","2017-06-26"
"4311","2017-06-27"
"4312","2017-06-28"
"4313","2017-06-29"
"4314","2017-06-30"
"4315","2017-07-01"
"4316","2017-07-02"
"4317","2017-07-03"
"4318","2017-07-04"
"4319","2017-07-05"
"4320","2017-07-06"
"4321","2017-07-07"
"4322","2017-07-08"
"4323","2017-07-09"
"4324","2017-07-10"
"4325","2017-07-11"
"4326","2017-07-12"
"4327","2017-07-13"
"4328","2017-07-14"
"4329","2017-07-15"
"4330","2017-07-16"
"4331","2017-07-17"
"4332","2017-07-18"
"4333","2017-07-19"
"4334","2017-07-20"
"4335","2017-07-21"
"4336","2017-07-22"
"4337","2017-07-23"
"4338","2017-07-24"
"4339","2017-07-25"
"4340","2017-07-26"
"4341","2017-07-27"
"4342","2017-07-28"
"4343","2017-07-29"
"4344","2017-07-30"
"4345","2017-07-31"
"4346","2017-08-01"
"4347","2017-08-02"
"4348","2017-08-03"
"4349","2017-08-04"
"4350","2017-08-05"
"4351","2017-08-06"
"4352","2017-08-07"
"4353","2017-08-08"
"4354","2017-08-09"
"4355","2017-08-10"
"4356","2017-08-11"
"4357","2017-08-12"
"4358","2017-08-13"
"4359","2017-08-14"
"4360","2017-08-15"
"4361","2017-08-16"
"4362","2017-08-17"
"4363","2017-08-18"
"4364","2017-08-19"
"4365","2017-08-20"
"4366","2017-08-21"
"4367","2017-08-22"
"4368","2017-08-23"
"4369","2017-08-24"
"4370","2017-08-25"
"4371","2017-08-26"
"4372","2017-08-27"
"4373","2017-08-28"
"4374","2017-08-29"
"4375","2017-08-30"
"4376","2017-08-31"
"4377","2017-09-01"
"4378","2017-09-02"
"4379","2017-09-03"
"4380","2017-09-04"
"4381","2017-09-05"
"4382","2017-09-06"
"4383","2017-09-07"
"4384","2017-09-08"
"4385","2017-09-09"
"4386","2017-09-10"
"4387","2017-09-11"
"4388","2017-09-12"
"4389","2017-09-13"
"4390","2017-09-14"
"4391","2017-09-15"
"4392","2017-09-16"
"4393","2017-09-17"
"4394","2017-09-18"
"4395","2017-09-19"
"4396","2017-09-20"
"4397","2017-09-21"
"4398","2017-09-22"
"4399","2017-09-23"
"4400","2017-09-24"
"4401","2017-09-25"
"4402","2017-09-26"
"4403","2017-09-27"
"4404","2017-09-28"
"4405","2017-09-29"
"4406","2017-09-30"
"4407","2017-10-01"
"4408","2017-10-02"
"4409","2017-10-03"
"4410","2017-10-04"
"4411","2017-10-05"
"4412","2017-10-06"
"4413","2017-10-07"
"4414","2017-10-08"
"4415","2017-10-09"
"4416","2017-10-10"
"4417","2017-10-11"
"4418","2017-10-12"
"4419","2017-10-13"
"4420","2017-10-14"
"4421","2017-10-15"
"4422","2017-10-16"
"4423","2017-10-17"
"4424","2017-10-18"
"4425","2017-10-19"
"4426","2017-10-20"
"4427","2017-10-21"
"4428","2017-10-22"
"4429","2017-10-23"
"4430","2017-10-24"
"4431","2017-10-25"
"4432","2017-10-26"
"4433","2017-10-27"
"4434","2017-10-28"
"4435","2017-10-29"
"4436","2017-10-30"
"4437","2017-10-31"
"4438","2018-06-01"
"4439","2018-06-02"
"4440","2018-06-03"
"4441","2018-06-04"
"4442","2018-06-05"
"4443","2018-06-06"
"4444","2018-06-07"
"4445","2018-06-08"
"4446","2018-06-09"
"4447","2018-06-10"
"4448","2018-06-11"
"4449","2018-06-12"
"4450","2018-06-13"
"4451","2018-06-14"
"4452","2018-06-15"
"4453","2018-06-16"
"4454","2018-06-17"
"4455","2018-06-18"
"4456","2018-06-19"
"4457","2018-06-20"
"4458","2018-06-21"
"4459","2018-06-22"
"4460","2018-06-23"
"4461","2018-06-24"
"4462","2018-06-25"
"4463","2018-06-26"
"4464","2018-06-27"
"4465","2018-06-28"
"4466","2018-06-29"
"4467","2018-06-30"
"4468","2018-07-01"
"4469","2018-07-02"
"4470","2018-07-03"
"4471","2018-07-04"
"4472","2018-07-05"
"4473","2018-07-06"
"4474","2018-07-07"
"4475","2018-07-08"
"4476","2018-07-09"
"4477","2018-07-10"
"4478","2018-07-11"
"4479","2018-07-12"
"4480","2018-07-13"
"4481","2018-07-14"
"4482","2018-07-15"
"4483","2018-07-16"
"4484","2018-07-17"
"4485","2018-07-18"
"4486","2018-07-19"
"4487","2018-07-20"
"4488","2018-07-21"
"4489","2018-07-22"
"4490","2018-07-23"
"4491","2018-07-24"
"4492","2018-07-25"
"4493","2018-07-26"
"4494","2018-07-27"
"4495","2018-07-28"
"4496","2018-07-29"
"4497","2018-07-30"
"4498","2018-07-31"
"4499","2018-08-01"
"4500","2018-08-02"
"4501","2018-08-03"
"4502","2018-08-04"
"4503","2018-08-05"
"4504","2018-08-06"
"4505","2018-08-07"
"4506","2018-08-08"
"4507","2018-08-09"
"4508","2018-08-10"
"4509","2018-08-11"
"4510","2018-08-12"
"4511","2018-08-13"
"4512","2018-08-14"
"4513","2018-08-15"
"4514","2018-08-16"
"4515","2018-08-17"
"4516","2018-08-18"
"4517","2018-08-19"
"4518","2018-08-20"
"4519","2018-08-21"
"4520","2018-08-22"
"4521","2018-08-23"
"4522","2018-08-24"
"4523","2018-08-25"
"4524","2018-08-26"
"4525","2018-08-27"
"4526","2018-08-28"
"4527","2018-08-29"
"4528","2018-08-30"
"4529","2018-08-31"
"4530","2018-09-01"
"4531","2018-09-02"
"4532","2018-09-03"
"4533","2018-09-04"
"4534","2018-09-05"
"4535","2018-09-06"
"4536","2018-09-07"
"4537","2018-09-08"
"4538","2018-09-09"
"4539","2018-09-10"
"4540","2018-09-11"
"4541","2018-09-12"
"4542","2018-09-13"
"4543","2018-09-14"
"4544","2018-09-15"
"4545","2018-09-16"
"4546","2018-09-17"
"4547","2018-09-18"
"4548","2018-09-19"
"4549","2018-09-20"
"4550","2018-09-21"
"4551","2018-09-22"
"4552","2018-09-23"
"4553","2018-09-24"
"4554","2018-09-25"
"4555","2018-09-26"
"4556","2018-09-27"
"4557","2018-09-28"
"4558","2018-09-29"
"4559","2018-09-30"
"4560","2018-10-01"
"4561","2018-10-02"
"4562","2018-10-03"
"4563","2018-10-04"
"4564","2018-10-05"
"4565","2018-10-06"
"4566","2018-10-07"
"4567","2018-10-08"
"4568","2018-10-09"
"4569","2018-10-10"
"4570","2018-10-11"
"4571","2018-10-12"
"4572","2018-10-13"
"4573","2018-10-14"
"4574","2018-10-15"
"4575","2018-10-16"
"4576","2018-10-17"
"4577","2018-10-18"
"4578","2018-10-19"
"4579","2018-10-20"
"4580","2018-10-21"
"4581","2018-10-22"
"4582","2018-10-23"
"4583","2018-10-24"
"4584","2018-10-25"
"4585","2018-10-26"
"4586","2018-10-27"
"4587","2018-10-28"
"4588","2018-10-29"
"4589","2018-10-30"
"4590","2018-10-31"
